,font_name
0,data/data/b/Dhyana-Regular.png
1,data/data/b/SedgwickAveDisplay-Regular.png
2,data/data/b/Pangolin-Regular.png
3,data/data/b/Inika-Regular.png
4,data/data/b/Modak-Regular.png
5,data/data/b/HanaleiFill-Regular.png
6,data/data/b/AutourOne-Regular.png
7,data/data/b/Gorditas-Regular.png
8,data/data/b/FiraMono-Regular.png
9,data/data/b/Boogaloo-Regular.png
10,data/data/b/Arsenal-Regular.png
11,data/data/b/AlexBrush-Regular.png
12,data/data/b/KeaniaOne-Regular.png
13,data/data/b/CroissantOne-Regular.png
14,data/data/b/EagleLake-Regular.png
15,data/data/b/Orbitron-Regular.png
16,data/data/b/RalewayDots-Regular.png
17,data/data/b/Sahitya-Regular.png
18,data/data/b/Tillana-Regular.png
19,data/data/b/Sansita-Regular.png
20,data/data/b/Graduate-Regular.png
21,data/data/b/RammettoOne-Regular.png
22,data/data/b/FiraSans-Regular.png
23,data/data/b/Angkor-Regular.png
24,data/data/b/Griffy-Regular.png
25,data/data/b/TulpenOne-Regular.png
26,data/data/b/DiplomataSC-Regular.png
27,data/data/b/SeymourOne-Regular.png
28,data/data/b/Combo-Regular.png
29,data/data/b/IstokWeb-Regular.png
30,data/data/b/EncodeSans-Regular.png
31,data/data/b/MateSC-Regular.png
32,data/data/b/Offside-Regular.png
33,data/data/b/Ovo-Regular.png
34,data/data/b/Yinmar-Regular.png
35,data/data/b/SquadaOne-Regular.png
36,data/data/b/KoHo-Regular.png
37,data/data/b/Oswald-Regular.png
38,data/data/b/FaunaOne-Regular.png
39,data/data/b/Warnes-Regular.png
40,data/data/b/Acme-Regular.png
41,data/data/b/Changa-Regular.png
42,data/data/b/Lancelot-Regular.png
43,data/data/b/CantoraOne-Regular.png
44,data/data/b/RubikOne-Regular.png
45,data/data/b/IndieFlower-Regular.png
46,data/data/b/GamjaFlower-Regular.png
47,data/data/b/HappyMonkey-Regular.png
48,data/data/b/Actor-Regular.png
49,data/data/b/Sitara-Regular.png
50,data/data/b/DeliusUnicase-Regular.png
51,data/data/b/Mada-Regular.png
52,data/data/b/ExpletusSans-Regular.png
53,data/data/b/DonegalOne-Regular.png
54,data/data/b/Kalam-Regular.png
55,data/data/b/Eczar-Regular.png
56,data/data/b/Armata-Regular.png
57,data/data/b/Ruda-Regular.png
58,data/data/b/LaoSansPro-Regular.png
59,data/data/b/HindKochi-Regular.png
60,data/data/b/Dorsa-Regular.png
61,data/data/b/PirataOne-Regular.png
62,data/data/b/Biryani-Regular.png
63,data/data/b/Inder-Regular.png
64,data/data/b/EricaOne-Regular.png
65,data/data/b/Sanchez-Regular.png
66,data/data/b/Thasadith-Regular.png
67,data/data/b/EastSeaDokdo-Regular.png
68,data/data/b/ArchivoNarrow-Regular.png
69,data/data/b/Adamina-Regular.png
70,data/data/b/Electrolize-Regular.png
71,data/data/b/Flamenco-Regular.png
72,data/data/b/PrincessSofia-Regular.png
73,data/data/b/Average-Regular.png
74,data/data/b/AveriaGruesaLibre-Regular.png
75,data/data/b/Yesteryear-Regular.png
76,data/data/b/Montaga-Regular.png
77,data/data/b/Cormorant-Regular.png
78,data/data/b/Barlow-Regular.png
79,data/data/b/Revalia-Regular.png
80,data/data/b/Molle-Regular.png
81,data/data/b/Ewert-Regular.png
82,data/data/b/Varta-Regular.png
83,data/data/b/Krub-Regular.png
84,data/data/b/BerkshireSwash-Regular.png
85,data/data/b/CantataOne-Regular.png
86,data/data/b/Questrial-Regular.png
87,data/data/b/Cagliostro-Regular.png
88,data/data/b/BowlbyOneSC-Regular.png
89,data/data/b/SawarabiGothic-Regular.png
90,data/data/b/KronaOne-Regular.png
91,data/data/b/Tauri-Regular.png
92,data/data/b/Akronim-Regular.png
93,data/data/b/LilyScriptOne-Regular.png
94,data/data/b/Rakkas-Regular.png
95,data/data/b/Rosario-Regular.png
96,data/data/b/MiriamLibre-Regular.png
97,data/data/b/FascinateInline-Regular.png
98,data/data/b/LibreBarcode39Extended-Regular.png
99,data/data/b/DoHyeon-Regular.png
100,data/data/b/Sail-Regular.png
101,data/data/b/NosiferCaps-Regular.png
102,data/data/b/Kameron-Regular.png
103,data/data/b/YesevaOne-Regular.png
104,data/data/b/EncodeSansCondensed-Regular.png
105,data/data/b/BungeeShade-Regular.png
106,data/data/b/Ruthie-Regular.png
107,data/data/b/BalooBhaina-Regular.png
108,data/data/b/Wellfleet-Regular.png
109,data/data/b/PostNoBillsJaffna-Regular.png
110,data/data/b/BungeeHairline-Regular.png
111,data/data/b/Vibur-Regular.png
112,data/data/b/Parisienne-Regular.png
113,data/data/b/OverpassMono-Regular.png
114,data/data/b/Forum-Regular.png
115,data/data/b/AdventPro-Regular.png
116,data/data/b/StintUltraCondensed-Regular.png
117,data/data/b/HerrVonMuellerhoff-Regular.png
118,data/data/b/EncodeSansSemiCondensed-Regular.png
119,data/data/b/FingerPaint-Regular.png
120,data/data/b/MervaleScript-Regular.png
121,data/data/b/GlassAntiqua-Regular.png
122,data/data/b/Martel-Regular.png
123,data/data/b/Khula-Regular.png
124,data/data/b/Righteous-Regular.png
125,data/data/b/Amaranth-Regular.png
126,data/data/b/Content-Regular.png
127,data/data/b/Aubrey-Regular.png
128,data/data/b/Merriweather-Regular.png
129,data/data/b/Bellefair-Regular.png
130,data/data/b/Spectral-Regular.png
131,data/data/b/ContrailOne-Regular.png
132,data/data/b/Neuton-Regular.png
133,data/data/b/EkMukta-Regular.png
134,data/data/b/TradeWinds-Regular.png
135,data/data/b/Amethysta-Regular.png
136,data/data/b/CormorantUpright-Regular.png
137,data/data/b/SeoulNamsanVertical-Regular.png
138,data/data/b/Kenia-Regular.png
139,data/data/b/FredokaOne-Regular.png
140,data/data/b/LeckerliOne-Regular.png
141,data/data/b/Monoton-Regular.png
142,data/data/b/Italianno-Regular.png
143,data/data/b/MrsSheppards-Regular.png
144,data/data/b/Mukta-Regular.png
145,data/data/b/Prata-Regular.png
146,data/data/b/Enriqueta-Regular.png
147,data/data/b/Smythe-Regular.png
148,data/data/b/Bungee-Regular.png
149,data/data/b/Bentham-Regular.png
150,data/data/b/Magra-Regular.png
151,data/data/b/ConcertOne-Regular.png
152,data/data/b/Audiowide-Regular.png
153,data/data/b/Pavanam-Regular.png
154,data/data/b/PT_Serif-Web-Regular.png
155,data/data/b/SongMyung-Regular.png
156,data/data/b/Srisakdi-Regular.png
157,data/data/b/ChelseaMarket-Regular.png
158,data/data/b/ShadowsIntoLightTwo-Regular.png
159,data/data/b/JacquesFrancois-Regular.png
160,data/data/b/LondrinaOutline-Regular.png
161,data/data/b/Abel-Regular.png
162,data/data/b/Montserrat-Regular.png
163,data/data/b/SedgwickAve-Regular.png
164,data/data/b/NotoSerif-Regular.png
165,data/data/b/MarckScript-Regular.png
166,data/data/b/Caudex-Regular.png
167,data/data/b/Exo2-Regular.png
168,data/data/b/Scada-Regular.png
169,data/data/b/PlayfairDisplay-Regular.png
170,data/data/b/Teko-Regular.png
171,data/data/b/Andika-Regular.png
172,data/data/b/AnnieUseYourTelescope-Regular.png
173,data/data/b/Quantico-Regular.png
174,data/data/b/PurplePurse-Regular.png
175,data/data/b/Piedra-Regular.png
176,data/data/b/AllertaStencil-Regular.png
177,data/data/b/AveriaSerifLibre-Regular.png
178,data/data/b/AlmendraSC-Regular.png
179,data/data/b/BilboSwashCaps-Regular.png
180,data/data/b/Bayon-Regular.png
181,data/data/b/Andada-Regular.png
182,data/data/b/Raleway-Regular.png
183,data/data/b/Aladin-Regular.png
184,data/data/b/Eater-Regular.png
185,data/data/b/Trykker-Regular.png
186,data/data/b/Esteban-Regular.png
187,data/data/b/CevicheOne-Regular.png
188,data/data/b/Tangerine-Regular.png
189,data/data/b/PassionOne-Regular.png
190,data/data/b/PostNoBillsColombo-Regular.png
191,data/data/b/Rambla-Regular.png
192,data/data/b/ElsieSwashCaps-Regular.png
193,data/data/b/Miltonian-Regular.png
194,data/data/b/Petrona-Regular.png
195,data/data/b/MavenPro-Regular.png
196,data/data/b/Jomhuria-Regular.png
197,data/data/b/WorkSans-Regular.png
198,data/data/b/SingleDay-Regular.png
199,data/data/b/MyanmarSansPro-Regular.png
200,data/data/b/ShareTech-Regular.png
201,data/data/b/Timmana-Regular.png
202,data/data/b/AnticSlab-Regular.png
203,data/data/b/Niconne-Regular.png
204,data/data/b/CarroisGothicSC-Regular.png
205,data/data/b/BioRhyme-Regular.png
206,data/data/b/Mina-Regular.png
207,data/data/b/RacingSansOne-Regular.png
208,data/data/b/Cantarell-Regular.png
209,data/data/b/RaviPrakash-Regular.png
210,data/data/b/YeonSung-Regular.png
211,data/data/b/FjallaOne-Regular.png
212,data/data/b/RumRaisin-Regular.png
213,data/data/b/IBMPlexSerif-Regular.png
214,data/data/b/JejuMyeongjo-Regular.png
215,data/data/b/OldStandard-Regular.png
216,data/data/b/Prompt-Regular.png
217,data/data/b/Galindo-Regular.png
218,data/data/b/Sedan-Regular.png
219,data/data/b/Gafata-Regular.png
220,data/data/b/Quattrocento-Regular.png
221,data/data/b/GFSDidot-Regular.png
222,data/data/b/LibreCaslonText-Regular.png
223,data/data/b/AverageSans-Regular.png
224,data/data/b/Sarala-Regular.png
225,data/data/b/OverlockSC-Regular.png
226,data/data/b/MrDeHaviland-Regular.png
227,data/data/b/Sarpanch-Regular.png
228,data/data/b/Tienne-Regular.png
229,data/data/b/Hind-Regular.png
230,data/data/b/MarcellusSC-Regular.png
231,data/data/b/Judson-Regular.png
232,data/data/b/JollyLodger-Regular.png
233,data/data/b/Chicle-Regular.png
234,data/data/b/NanumGothic-Regular.png
235,data/data/b/SonsieOne-Regular.png
236,data/data/b/Habibi-Regular.png
237,data/data/b/BungeeOutline-Regular.png
238,data/data/b/Unna-Regular.png
239,data/data/b/Ranchers-Regular.png
240,data/data/b/Numans-Regular.png
241,data/data/b/Ranga-Regular.png
242,data/data/b/JotiOne-Regular.png
243,data/data/b/Kreon-Regular.png
244,data/data/b/LondrinaSketch-Regular.png
245,data/data/b/Almendra-Regular.png
246,data/data/b/Kanit-Regular.png
247,data/data/b/PT_Sans-Caption-Web-Regular.png
248,data/data/b/Carme-Regular.png
249,data/data/b/SairaCondensed-Regular.png
250,data/data/b/SortsMillGoudy-Regular.png
251,data/data/b/BarlowCondensed-Regular.png
252,data/data/b/HeadlandOne-Regular.png
253,data/data/b/Federo-Regular.png
254,data/data/b/Asar-Regular.png
255,data/data/b/EmilysCandy-Regular.png
256,data/data/b/CrimsonText-Regular.png
257,data/data/b/Hanalei-Regular.png
258,data/data/b/MetalMania-Regular.png
259,data/data/b/Bokor-Regular.png
260,data/data/b/BalooBhai-Regular.png
261,data/data/b/PoiretOne-Regular.png
262,data/data/b/HermeneusOne-Regular.png
263,data/data/b/Elsie-Regular.png
264,data/data/b/Jaldi-Regular.png
265,data/data/b/Prociono-Regular.png
266,data/data/b/Bilbo-Regular.png
267,data/data/b/Quando-Regular.png
268,data/data/b/McLaren-Regular.png
269,data/data/b/MuktaMalar-Regular.png
270,data/data/b/CormorantGaramond-Regular.png
271,data/data/b/Stylish-Regular.png
272,data/data/b/Baumans-Regular.png
273,data/data/b/Telex-Regular.png
274,data/data/b/PragatiNarrow-Regular.png
275,data/data/b/DaysOne-Regular.png
276,data/data/b/SecularOne-Regular.png
277,data/data/b/Atma-Regular.png
278,data/data/b/OleoScriptSwashCaps-Regular.png
279,data/data/b/Kadwa-Regular.png
280,data/data/b/Stalemate-Regular.png
281,data/data/b/Sofia-Regular.png
282,data/data/b/PatuaOne-Regular.png
283,data/data/b/GreatVibes-Regular.png
284,data/data/b/Metamorphous-Regular.png
285,data/data/b/Viga-Regular.png
286,data/data/b/ShortStack-Regular.png
287,data/data/b/ModernAntiqua-Regular.png
288,data/data/b/Vidaloka-Regular.png
289,data/data/b/VollkornSC-Regular.png
290,data/data/b/CormorantUnicase-Regular.png
291,data/data/b/Nosifer-Regular.png
292,data/data/b/Manuale-Regular.png
293,data/data/b/PT_Serif-Caption-Web-Regular.png
294,data/data/b/Knewave-Regular.png
295,data/data/b/Molengo-Regular.png
296,data/data/b/NovaScript-Regular.png
297,data/data/b/Qwigley-Regular.png
298,data/data/b/Cardo-Regular.png
299,data/data/b/Fahkwang-Regular.png
300,data/data/b/Arvo-Regular.png
301,data/data/b/Amiri-Regular.png
302,data/data/b/NunitoSans-Regular.png
303,data/data/b/EuphoriaScript-Regular.png
304,data/data/b/FrancoisOne-Regular.png
305,data/data/b/DidactGothic-Regular.png
306,data/data/b/Rosarivo-Regular.png
307,data/data/b/Jua-Regular.png
308,data/data/b/HindJalandhar-Regular.png
309,data/data/b/TitilliumWeb-Regular.png
310,data/data/b/Inconsolata-Regular.png
311,data/data/b/JosefinSlab-Regular.png
312,data/data/b/KottaOne-Regular.png
313,data/data/b/Imprima-Regular.png
314,data/data/b/Kodchasan-Regular.png
315,data/data/b/RibeyeMarrow-Regular.png
316,data/data/b/Poppins-Regular.png
317,data/data/b/Bitter-Regular.png
318,data/data/b/Sevillana-Regular.png
319,data/data/b/RedactedScript-Regular.png
320,data/data/b/Lora-Regular.png
321,data/data/b/JockeyOne-Regular.png
322,data/data/b/HindMysuru-Regular.png
323,data/data/b/Fasthand-Regular.png
324,data/data/b/Trocchi-Regular.png
325,data/data/b/Farsan-Regular.png
326,data/data/b/Condiment-Regular.png
327,data/data/b/Catamaran-Regular.png
328,data/data/b/Lato-Regular.png
329,data/data/b/Diplomata-Regular.png
330,data/data/b/FasterOne-Regular.png
331,data/data/b/StintUltraExpanded-Regular.png
332,data/data/b/Lustria-Regular.png
333,data/data/b/TenorSans-Regular.png
334,data/data/b/Notable-Regular.png
335,data/data/b/Merienda-Regular.png
336,data/data/b/Barrio-Regular.png
337,data/data/b/Padauk-Regular.png
338,data/data/b/SairaSemiCondensed-Regular.png
339,data/data/b/Julee-Regular.png
340,data/data/b/Kavoon-Regular.png
341,data/data/b/LaoMuangDon-Regular.png
342,data/data/b/MissFajardose-Regular.png
343,data/data/b/Stoke-Regular.png
344,data/data/b/AsapCondensed-Regular.png
345,data/data/b/Ramaraja-Regular.png
346,data/data/b/Rajdhani-Regular.png
347,data/data/b/SirinStencil-Regular.png
348,data/data/b/BioRhymeExpanded-Regular.png
349,data/data/b/ButterflyKids-Regular.png
350,data/data/b/Radley-Regular.png
351,data/data/b/Lemon-Regular.png
352,data/data/b/MrBedfort-Regular.png
353,data/data/b/Harmattan-Regular.png
354,data/data/b/PlayfairDisplaySC-Regular.png
355,data/data/b/YaldeviColombo-Regular.png
356,data/data/b/Butcherman-Regular.png
357,data/data/b/BalooTammudu-Regular.png
358,data/data/b/VastShadow-Regular.png
359,data/data/b/KiteOne-Regular.png
360,data/data/b/HindVadodara-Regular.png
361,data/data/b/DenkOne-Regular.png
362,data/data/b/Devonshire-Regular.png
363,data/data/b/Ledger-Regular.png
364,data/data/b/TextMeOne-Regular.png
365,data/data/b/Metrophobic-Regular.png
366,data/data/b/DigitalNumbers-Regular.png
367,data/data/b/Caveat-Regular.png
368,data/data/b/JimNightshade-Regular.png
369,data/data/b/Play-Regular.png
370,data/data/b/Nobile-Regular.png
371,data/data/b/CherrySwash-Regular.png
372,data/data/b/StalinistOne-Regular.png
373,data/data/b/Karma-Regular.png
374,data/data/b/FrankRuhlLibre-Regular.png
375,data/data/b/Basic-Regular.png
376,data/data/b/Peralta-Regular.png
377,data/data/b/GochiHand-Regular.png
378,data/data/b/Sansation-Regular.png
379,data/data/b/LifeSavers-Regular.png
380,data/data/b/Antic-Regular.png
381,data/data/b/NanumMyeongjo-Regular.png
382,data/data/b/AtomicAge-Regular.png
383,data/data/b/Mogra-Regular.png
384,data/data/b/AndadaSC-Regular.png
385,data/data/b/LindenHill-Regular.png
386,data/data/b/LondrinaSolid-Regular.png
387,data/data/b/TitanOne-Regular.png
388,data/data/b/SansitaOne-Regular.png
389,data/data/b/BalooPaaji-Regular.png
390,data/data/b/Cutive-Regular.png
391,data/data/b/GildaDisplay-Regular.png
392,data/data/b/PressStart2P-Regular.png
393,data/data/b/FjordOne-Regular.png
394,data/data/b/HindMadurai-Regular.png
395,data/data/b/OriginalSurfer-Regular.png
396,data/data/b/Alike-Regular.png
397,data/data/b/GothicA1-Regular.png
398,data/data/b/Oxygen-Regular.png
399,data/data/b/Flavors-Regular.png
400,data/data/b/Skranji-Regular.png
401,data/data/b/Tajawal-Regular.png
402,data/data/b/Sancreek-Regular.png
403,data/data/b/Mplus1p-Regular.png
404,data/data/b/Monda-Regular.png
405,data/data/b/Glegoo-Regular.png
406,data/data/b/Shanti-Regular.png
407,data/data/b/Laila-Regular.png
408,data/data/b/LibreFranklin-Regular.png
409,data/data/b/NanumBrushScript-Regular.png
410,data/data/b/LoversQuarrel-Regular.png
411,data/data/b/CuteFont-Regular.png
412,data/data/b/Dynalight-Regular.png
413,data/data/b/LibreBarcode39Text-Regular.png
414,data/data/b/CabinSketch-Regular.png
415,data/data/b/StalinOne-Regular.png
416,data/data/b/Allura-Regular.png
417,data/data/b/KoPubBatang-Regular.png
418,data/data/b/Unlock-Regular.png
419,data/data/b/SnowburstOne-Regular.png
420,data/data/b/Arizonia-Regular.png
421,data/data/b/AlegreyaSC-Regular.png
422,data/data/b/Sriracha-Regular.png
423,data/data/b/Strait-Regular.png
424,data/data/b/Mate-Regular.png
425,data/data/b/Balthazar-Regular.png
426,data/data/b/SignikaNegative-Regular.png
427,data/data/b/Geostar-Regular.png
428,data/data/b/Italiana-Regular.png
429,data/data/b/RopaSans-Regular.png
430,data/data/b/Strong-Regular.png
431,data/data/b/NewRocker-Regular.png
432,data/data/b/Frijole-Regular.png
433,data/data/b/Bahiana-Regular.png
434,data/data/b/Anaheim-Regular.png
435,data/data/b/Ponnala-Regular.png
436,data/data/b/Asset-Regular.png
437,data/data/b/SourceSerifPro-Regular.png
438,data/data/b/Mako-Regular.png
439,data/data/b/Itim-Regular.png
440,data/data/b/EncodeSansExpanded-Regular.png
441,data/data/b/Salsa-Regular.png
442,data/data/b/RhodiumLibre-Regular.png
443,data/data/b/ProzaLibre-Regular.png
444,data/data/b/Lalezar-Regular.png
445,data/data/b/ClickerScript-Regular.png
446,data/data/b/BubblegumSans-Regular.png
447,data/data/b/Archivo-Regular.png
448,data/data/b/BenchNine-Regular.png
449,data/data/b/Heebo-Regular.png
450,data/data/b/Orienta-Regular.png
451,data/data/b/SairaExtraCondensed-Regular.png
452,data/data/b/PinyonScript-Regular.png
453,data/data/b/Lemonada-Regular.png
454,data/data/b/Philosopher-Regular.png
455,data/data/b/Gruppo-Regular.png
456,data/data/b/Alef-Regular.png
457,data/data/b/Coda-Regular.png
458,data/data/b/Arbutus-Regular.png
459,data/data/b/Handlee-Regular.png
460,data/data/b/Aldrich-Regular.png
461,data/data/b/Engagement-Regular.png
462,data/data/b/Gudea-Regular.png
463,data/data/b/ChakraPetch-Regular.png
464,data/data/b/EmblemaOne-Regular.png
465,data/data/b/KaushanScript-Regular.png
466,data/data/b/Ruluko-Regular.png
467,data/data/b/AbrilFatface-Regular.png
468,data/data/b/FiraSansCondensed-Regular.png
469,data/data/b/Tharlon-Regular.png
470,data/data/b/Cinzel-Regular.png
471,data/data/b/Asap-Regular.png
472,data/data/b/Felipa-Regular.png
473,data/data/b/Katibeh-Regular.png
474,data/data/b/K2D-Regular.png
475,data/data/b/KirangHaerang-Regular.png
476,data/data/b/Lekton-Regular.png
477,data/data/b/Cambay-Regular.png
478,data/data/b/MerriweatherSans-Regular.png
479,data/data/b/Iceberg-Regular.png
480,data/data/b/CormorantSC-Regular.png
481,data/data/b/BlackHanSans-Regular.png
482,data/data/b/Milonga-Regular.png
483,data/data/b/Sarina-Regular.png
484,data/data/b/Wallpoet-Regular.png
485,data/data/b/Quicksand-Regular.png
486,data/data/b/ElMessiri-Regular.png
487,data/data/b/LakkiReddy-Regular.png
488,data/data/b/Oldenburg-Regular.png
489,data/data/b/DuruSans-Regular.png
490,data/data/b/AlfaSlabOne-Regular.png
491,data/data/b/Maitree-Regular.png
492,data/data/b/Rasa-Regular.png
493,data/data/b/AveriaLibre-Regular.png
494,data/data/b/Volkhov-Regular.png
495,data/data/b/Cookie-Regular.png
496,data/data/b/CreteRound-Regular.png
497,data/data/b/LibreBaskerville-Regular.png
498,data/data/b/Varela-Regular.png
499,data/data/b/Lusitana-Regular.png
500,data/data/b/LondrinaShadow-Regular.png
501,data/data/b/Fruktur-Regular.png
502,data/data/b/NewsCycle-Regular.png
503,data/data/b/MrDafoe-Regular.png
504,data/data/b/BreeSerif-Regular.png
505,data/data/b/JejuGothic-Regular.png
506,data/data/b/MeriendaOne-Regular.png
507,data/data/b/Rationale-Regular.png
508,data/data/b/Pompiere-Regular.png
509,data/data/b/BubblerOne-Regular.png
510,data/data/b/EaterCaps-Regular.png
511,data/data/b/Playball-Regular.png
512,data/data/b/Asul-Regular.png
513,data/data/b/Englebert-Regular.png
514,data/data/b/Trochut-Regular.png
515,data/data/b/SigmarOne-Regular.png
516,data/data/b/GemunuLibre-Regular.png
517,data/data/b/GrandHotel-Regular.png
518,data/data/b/Marvel-Regular.png
519,data/data/b/ArbutusSlab-Regular.png
520,data/data/b/Limelight-Regular.png
521,data/data/b/Baloo-Regular.png
522,data/data/b/Damion-Regular.png
523,data/data/b/Economica-Regular.png
524,data/data/b/Allan-Regular.png
525,data/data/b/JejuHallasan-Regular.png
526,data/data/b/Saira-Regular.png
527,data/data/b/Anton-Regular.png
528,data/data/b/Trirong-Regular.png
529,data/data/b/Yrsa-Regular.png
530,data/data/b/Marmelad-Regular.png
531,data/data/b/AguafinaScript-Regular.png
532,data/data/b/Kurale-Regular.png
533,data/data/b/ABeeZee-Regular.png
534,data/data/b/Courgette-Regular.png
535,data/data/b/Oranienbaum-Regular.png
536,data/data/b/Antonio-Regular.png
537,data/data/b/NanumGothicCoding-Regular.png
538,data/data/b/Exo-Regular.png
539,data/data/b/SuezOne-Regular.png
540,data/data/b/RussoOne-Regular.png
541,data/data/b/Mirza-Regular.png
542,data/data/b/Dekko-Regular.png
543,data/data/b/Cambo-Regular.png
544,data/data/b/Dosis-Regular.png
545,data/data/b/DancingScript-Regular.png
546,data/data/b/Slabo13px-Regular.png
547,data/data/b/ShareTechMono-Regular.png
548,data/data/b/AmaticSC-Regular.png
549,data/data/b/HindGuntur-Regular.png
550,data/data/b/StardosStencil-Regular.png
551,data/data/b/PatrickHand-Regular.png
552,data/data/b/AveriaSansLibre-Regular.png
553,data/data/b/Gabriela-Regular.png
554,data/data/b/MysteryQuest-Regular.png
555,data/data/b/Amarante-Regular.png
556,data/data/b/RozhaOne-Regular.png
557,data/data/b/Karla-Regular.png
558,data/data/b/RugeBoogie-Regular.png
559,data/data/b/VampiroOne-Regular.png
560,data/data/b/Oregano-Regular.png
561,data/data/b/Shojumaru-Regular.png
562,data/data/b/MouseMemoirs-Regular.png
563,data/data/b/Junge-Regular.png
564,data/data/b/FanwoodText-Regular.png
565,data/data/b/SawarabiMincho-Regular.png
566,data/data/b/BlackAndWhitePicture-Regular.png
567,data/data/b/CarroisGothic-Regular.png
568,data/data/b/BalooChettan-Regular.png
569,data/data/b/ChangaOne-Regular.png
570,data/data/b/MergeOne-Regular.png
571,data/data/b/PoorStory-Regular.png
572,data/data/b/Domine-Regular.png
573,data/data/b/Cuprum-Regular.png
574,data/data/b/ButchermanCaps-Regular.png
575,data/data/b/PasseroOne-Regular.png
576,data/data/b/Pattaya-Regular.png
577,data/data/b/AlegreyaSansSC-Regular.png
578,data/data/b/Rye-Regular.png
579,data/data/b/Spirax-Regular.png
580,data/data/b/PT_Sans-Narrow-Web-Regular.png
581,data/data/b/VesperLibre-Regular.png
582,data/data/b/Miniver-Regular.png
583,data/data/b/Faustina-Regular.png
584,data/data/b/RoundedMplus1c-Regular.png
585,data/data/b/Dokdo-Regular.png
586,data/data/b/Quintessential-Regular.png
587,data/data/b/PorterSansBlock-Regular.png
588,data/data/b/LaoMuangKhong-Regular.png
589,data/data/b/VarelaRound-Regular.png
590,data/data/b/CaveatBrush-Regular.png
591,data/data/b/NoticiaText-Regular.png
592,data/data/b/YanoneKaffeesatz-Regular.png
593,data/data/b/Cabin-Regular.png
594,data/data/b/Fenix-Regular.png
595,data/data/b/Homenaje-Regular.png
596,data/data/b/AnticDidone-Regular.png
597,data/data/b/Fondamento-Regular.png
598,data/data/b/Arapey-Regular.png
599,data/data/b/RubikMonoOne-Regular.png
600,data/data/b/Geo-Regular.png
601,data/data/b/LibreBarcode128Text-Regular.png
602,data/data/b/Belleza-Regular.png
603,data/data/b/CutiveMono-Regular.png
604,data/data/b/Voces-Regular.png
605,data/data/b/Sniglet-Regular.png
606,data/data/b/Khand-Regular.png
607,data/data/b/QuattrocentoSans-Regular.png
608,data/data/b/Bhavuka-Regular.png
609,data/data/b/ScopeOne-Regular.png
610,data/data/b/Ribeye-Regular.png
611,data/data/b/JosefinSans-Regular.png
612,data/data/b/DoppioOne-Regular.png
613,data/data/b/BrunoAce-Regular.png
614,data/data/b/MacondoSwashCaps-Regular.png
615,data/data/b/AmaticaSC-Regular.png
616,data/data/b/BlackOpsOne-Regular.png
617,data/data/b/LibreBarcode128-Regular.png
618,data/data/b/BungeeInline-Regular.png
619,data/data/b/JuliusSansOne-Regular.png
620,data/data/b/Scheherazade-Regular.png
621,data/data/b/Amiko-Regular.png
622,data/data/b/HammersmithOne-Regular.png
623,data/data/b/MontserratAlternates-Regular.png
624,data/data/b/Slabo27px-Regular.png
625,data/data/b/BalooTamma-Regular.png
626,data/data/b/Coustard-Regular.png
627,data/data/b/Norican-Regular.png
628,data/data/b/YatraOne-Regular.png
629,data/data/b/Fascinate-Regular.png
630,data/data/b/Kristi-Regular.png
631,data/data/b/Souliyo-Regular.png
632,data/data/b/BalooBhaijaan-Regular.png
633,data/data/b/Muli-Regular.png
634,data/data/b/EncodeSansSemiExpanded-Regular.png
635,data/data/b/Pridi-Regular.png
636,data/data/b/HiMelody-Regular.png
637,data/data/b/Tuffy-Regular.png
638,data/data/b/Puritan-Regular.png
639,data/data/b/OleoScript-Regular.png
640,data/data/b/PortLligatSlab-Regular.png
641,data/data/b/MiltonianTattoo-Regular.png
642,data/data/b/Khyay-Regular.png
643,data/data/b/Assistant-Regular.png
644,data/data/b/Convergence-Regular.png
645,data/data/b/Nunito-Regular.png
646,data/data/b/LibreBarcode39-Regular.png
647,data/data/b/MarkoOne-Regular.png
648,data/data/b/Mali-Regular.png
649,data/data/b/AbyssinicaSIL-Regular.png
650,data/data/b/Risque-Regular.png
651,data/data/b/Lobster-Regular.png
652,data/data/b/ChauPhilomeneOne-Regular.png
653,data/data/b/ReemKufi-Regular.png
654,data/data/b/Peddana-Regular.png
655,data/data/b/PontanoSans-Regular.png
656,data/data/b/DeliusSwashCaps-Regular.png
657,data/data/b/Capriola-Regular.png
658,data/data/b/Belgrano-Regular.png
659,data/data/b/Spinnaker-Regular.png
660,data/data/b/AbhayaLibre-Regular.png
661,data/data/b/Margarine-Regular.png
662,data/data/b/MontserratSubrayada-Regular.png
663,data/data/b/Galdeano-Regular.png
664,data/data/b/AnonymousPro-Regular.png
665,data/data/b/Sintony-Regular.png
666,data/data/b/WendyOne-Regular.png
667,data/data/b/Poly-Regular.png
668,data/data/b/Hanuman-Regular.png
669,data/data/b/ArefRuqaa-Regular.png
670,data/data/b/BalooThambi-Regular.png
671,data/data/b/ProstoOne-Regular.png
672,data/data/b/HindSiliguri-Regular.png
673,data/data/b/Galada-Regular.png
674,data/data/b/Romanesco-Regular.png
675,data/data/b/HindColombo-Regular.png
676,data/data/b/CaesarDressing-Regular.png
677,data/data/b/NotoSansTamil-Regular.png
678,data/data/b/Artifika-Regular.png
679,data/data/b/SpaceMono-Regular.png
680,data/data/b/MedulaOne-Regular.png
681,data/data/b/BarlowSemiCondensed-Regular.png
682,data/data/b/ArchitectsDaughter-Regular.png
683,data/data/b/BigshotOne-Regular.png
684,data/data/b/BalooDa-Regular.png
685,data/data/b/Simonetta-Regular.png
686,data/data/b/FiraSansExtraCondensed-Regular.png
687,data/data/b/AlegreyaSans-Regular.png
688,data/data/b/FrederickatheGreat-Regular.png
689,data/data/b/AlikeAngular-Regular.png
690,data/data/b/ZillaSlab-Regular.png
691,data/data/b/Charm-Regular.png
692,data/data/b/Niramit-Regular.png
693,data/data/b/Comfortaa-Regular.png
694,data/data/b/ArchivoBlack-Regular.png
695,data/data/b/LilitaOne-Regular.png
696,data/data/b/BowlbyOne-Regular.png
697,data/data/b/HennyPenny-Regular.png
698,data/data/b/ArimaMadurai-Regular.png
699,data/data/b/NanumPenScript-Regular.png
700,data/data/b/JacquesFrancoisShadow-Regular.png
701,data/data/b/ChelaOne-Regular.png
702,data/data/b/Federant-Regular.png
703,data/data/b/MeieScript-Regular.png
704,data/data/b/PatrickHandSC-Regular.png
705,data/data/b/Buenard-Regular.png
706,data/data/b/Athiti-Regular.png
707,data/data/b/CormorantInfant-Regular.png
708,data/data/b/Redacted-Regular.png
709,data/data/b/PathwayGothicOne-Regular.png
710,data/data/b/MartelSans-Regular.png
711,data/data/b/GeostarFill-Regular.png
712,data/data/b/NixieOne-Regular.png
713,data/data/b/Halant-Regular.png
714,data/data/b/FugazOne-Regular.png
715,data/data/b/Gaegu-Regular.png
716,data/data/b/BrunoAceSC-Regular.png
717,data/data/b/PoetsenOne-Regular.png
718,data/data/b/Bangers-Regular.png
719,data/data/b/Sarabun-Regular.png
720,data/data/b/Chathura-Regular.png
721,data/data/b/Brawler-Regular.png
722,data/data/b/NotoSans-Regular.png
723,data/data/b/SourceCodePro-Regular.png
724,data/data/b/IBMPlexMono-Regular.png
725,data/data/b/Bonbon-Regular.png
726,data/data/b/Alegreya-Regular.png
727,data/data/b/TerminalDosis-Regular.png
728,data/data/b/ZillaSlabHighlight-Regular.png
729,data/data/b/Underdog-Regular.png
730,data/data/b/UnicaOne-Regular.png
731,data/data/b/Iceland-Regular.png
732,data/data/b/VT323-Regular.png
733,data/data/b/LobsterTwo-Regular.png
734,data/data/b/IBMPlexSansCondensed-Regular.png
735,data/data/b/Share-Regular.png
736,data/data/b/FreckleFace-Regular.png
737,data/data/b/Chonburi-Regular.png
738,data/data/b/Marcellus-Regular.png
739,data/data/b/PortLligatSans-Regular.png
740,data/data/b/Macondo-Regular.png
741,data/data/b/MeeraInimai-Regular.png
742,data/data/b/Delius-Regular.png
743,data/data/b/Rokkitt-Regular.png
744,data/data/b/SpectralSC-Regular.png
745,data/data/b/MuktaMahee-Regular.png
746,data/data/b/Allerta-Regular.png
747,data/data/b/GermaniaOne-Regular.png
748,data/data/b/Overpass-Regular.png
749,data/data/b/EBGaramond-Regular.png
750,data/data/b/AlmendraDisplay-Regular.png
751,data/data/b/Fresca-Regular.png
752,data/data/b/Shrikhand-Regular.png
753,data/data/b/Chivo-Regular.png
754,data/data/b/OxygenMono-Regular.png
755,data/data/b/Codystar-Regular.png
756,data/data/b/Rufina-Regular.png
757,data/data/b/Signika-Regular.png
758,data/data/b/CabinCondensed-Regular.png
759,data/data/b/RougeScript-Regular.png
760,data/data/b/BaiJamjuree-Regular.png
761,data/data/b/Sura-Regular.png
762,data/data/b/Voltaire-Regular.png
763,data/data/b/Staatliches-Regular.png
764,data/data/b/Plaster-Regular.png
765,data/data/b/Bevan-Regular.png
766,data/data/b/SofadiOne-Regular.png
767,data/data/b/SourceSansPro-Regular.png
768,data/data/b/BigelowRules-Regular.png
769,data/data/b/Gugi-Regular.png
770,data/data/b/SedanSC-Regular.png
771,data/data/b/Ramabhadra-Regular.png
772,data/data/b/Astloch-Regular.png
773,data/data/b/Taviraj-Regular.png
774,data/data/b/Kavivanar-Regular.png
775,data/data/b/NicoMoji-Regular.png
776,data/data/b/Paprika-Regular.png
777,data/data/b/Mitr-Regular.png
778,data/data/b/Coiny-Regular.png
779,data/data/b/Jura-Regular.png
780,data/data/b/Yantramanav-Regular.png
781,data/data/b/KellySlab-Regular.png
782,data/data/b/PetitFormalScript-Regular.png
783,data/data/b/Overlock-Regular.png
784,data/data/b/LibreBarcode39ExtendedText-Regular.png
785,data/data/b/SeaweedScript-Regular.png
786,data/data/b/Alice-Regular.png
787,data/data/b/Podkova-Regular.png
788,data/data/b/Sacramento-Regular.png
789,data/data/b/Creepster-Regular.png
790,data/data/b/MuktaVaani-Regular.png
791,data/data/b/TenaliRamakrishna-Regular.png
792,data/data/b/PT_Sans-Web-Regular.png
793,data/data/b/SpicyRice-Regular.png
794,data/data/b/MrsSaintDelafield-Regular.png
795,data/data/b/UncialAntiqua-Regular.png
796,data/data/b/IBMPlexSans-Regular.png
797,data/data/b/Copse-Regular.png
798,data/data/b/CinzelDecorative-Regular.png
799,data/data/b/SupermercadoOne-Regular.png
800,data/data/b/Chango-Regular.png
801,data/data/b/PaytoneOne-Regular.png
802,data/data/b/DellaRespira-Regular.png
