id,font
0,KomixCon Italic 
1,Youthness
2,Sarcastica
3,Indie_Summer
4,Own Written
5,GorriSans
6,KBWiggleWorm
7,Malarky
8,Qwurky
9,NewKicksFly
10,culia1
11,marivi handwriting
12,HelloDoodlePrint
13,denistina_en
14,Quintus_R_trial
15,TeaPartyIdeas
16,Giddehand
17,HelloPlayground
18,Happy Pappy
19,DJB This is Me
20,vampv2
21,KBSneakyWalrus
22,AylaSkinny
23,travb2
24,GrapeDragon
25,Abandonation
26,Line and Sand
27,PeachJamz
28,BN FontBoy 3D
29,BunnyCookies
30,Inhishan
31,espek___
32,Dancing in the Beat
33,Papoune
34,Minty Fresh Gelato
35,Hampton free personal use
36,Georgia Belle Hollow
37,KBJukebox
38,Capella_Calligraphy
39,High Tide - Demo
40,Happy Monday
41,DraftBlake
42,TreasureFingers
43,DJB Meet Me at My Locker
44,DJB Elliephont
45,Anjelika Rose Thin
46,Memos Hand
47,Om Telolet Om
48,KBEarthQuake
49,Pataques
50,Shiver
51,HongKim
52,Mariposa
53,BoldHandwriting
54,DjuiceWriting
55,INI-BUDI
56,Better Together Caps
57,Einhorn Schrift - OTF
58,mince
59,KGAdiposeUnicase
60,manno
61,Millweemanuscripting
62,The Grateful 4
63,SpringFruit
64,KickING grAVeL
65,PeaRachel
66,MWCurly
67,Hiroshima
68,asyouwish
69,AnnekeBold
70,Banda2020-2017
71,Shithead
72,RobinScript
73,BeautyDemo
74,A Gentle Touch
75,seriously
76,Just_Act_Casual
77,MN_SUMMER_BREEZE
78,Freehand Blockletter
79,EmmysHandwriting
80,Victoria
81,Play Ground DEMO
82,A little sunshine
83,michellehandwritting
84,Ellennn
85,HoneyScript-SemiBold
86,VipZona
87,Cecilia Script
88,ViandeFumee
89,Oh_Hello_Candy
90,Selus
91,MyHandwritingSucks
92,faithhandwriting
93,I Wrote All
94,AvailableReservation
95,Inclinedletter
96,ErikaGolez
97,rushed
98,Hebrida
99,StuVetica2
100,Indigo Unicor
101,Sayes Demo
102,DJB FANCY NANCY
103,Handwritingfont
104,Athen
105,XtreemThin_PERSONAL_USE
106,SkidooFat_RH
107,BurstMyBubble
108,Jimmy1
109,Fast In My Car
110,Thin Skinned
111,Close your eyes
112,Architect Hand
113,LarispolHandwritten-Regular
114,DPElionora
115,Higher Than High
116,SaraDunn_Hand
117,Ranuella
118,Amber Shaie
119,ZehkFont
120,Basfar
121,Matsury Demo
122,Countryside Two Personal use
123,GIfont
124,SuperGirlfriend
125,Hannahs_Messy_Handwriting
126,Sirislly
127,kkontagion print - Bold
128,Unicorn Flakes
129,richardm
130,RYoung
131,Rosella Sans
132,Miriamsfont
133,FontBitch
134,RubenKoops
135,ASafePlacetoFall
136,LERA
137,Jon Sans
138,thisfontlookslikegiraffe
139,don@nfer
140,MattSerif
141,ROSE CHARMING
142,Denne-Soymilk
143,factory worker
144,VivaLaVida
145,MySkinnyJeans
146,Annoyed Teenager
147,jhand
148,KubaRecznyNeue-Regular
149,ElAngeliuXx
150,PunchDrunkLove
151,LouisesHand
152,InterconnectedDemo-Bold
153,pencilCASE
154,Jessica Elaine
155,laurencb-demo
156,Casual Perfectionist
157,FaultLineDT
158,kyoritsu dengyo
159,Darbog bold
160,CrayonSketches
161,LifesTooFast
162,Dyslexic_English_Teacher_s_Handwriting
163,ClairesHand3
164,Sureder Stylish demo
165,Dorathy - Personal Use Only
166,FatMarker
167,Molluca italic free
168,Emryt Demo
169,whoneedsconsistency
170,kkror
171,CrabSalad
172,HsfCuartoMenguante
173,Neon
174,InfernosSpicy
175,UglyKids-Regular
176,Hot and Black Tea - TTF
177,Sekona
178,GERALI - DEMO
179,Frangipani Rose
180,AniBeatriceCursive
181,Antler Caps
182,UnderWater-Regular
183,YouAreJustMyType
184,DJB What a Babe
185,MAGRILINHA
186,MiddleSchoolSucks1
187,TidyHand
188,Kelissa
189,Where the Lonely Ones Roam - TTF
190,Alphabetized Cassette Tapes
191,Better Together Demo
192,midnight snacks
193,HoneyScript-Light
194,Sketch
195,A Little Mixed Up
196,Brasserie
197,KathleenBold
198,ThrowMyHandsUpintheAirBold
199,MTF Magical Marilyn
200,sunnyday
201,DreamieEyesInStars
202,Lawlieness
203,PreppyGirlsHandwriting
204,HyperPunchPink
205,Claphappy
206,SwaggerCapitals
207,mightyroping
208,jd_vega
209,Vacations in Paradise Personal Use
210,M-Hwr
211,JoshCooper
212,Asgard - Regular TTF dafont
213,The Grateful 2
214,NothingYouCouldSay
215,roundlines
216,DJB HeatherG
217,Sunshine in my Soul
218,NipCen s Print Unicode
219,Cihuy
220,SchoolParty
221,Sencillo Handdrawn
222,GelPenUprightHeavy
223,Jessa Hand
224,tom script
225,SaladeDeFruitsPomme
226,sedna
227,Delilah
228,KBSunshineBold
229,Fantica Demo
230,BSD Nantucket
231,LittleBerry
232,parla
233,DJB Miascript
234,PWXtraThin
235,Monalisa Monoline Script
236,coffee+teademo-Regular
237,DeeDeeStretch
238,DS Macuzione
239,Oklahoma
240,Penelope
241,Chloe
242,Gentleman
243,Vintlys_Hand
244,MLDRussis
245,Zamsley
246,thebestofmyloveregular
247,Generally Speaking
248,Easy Speech_free
249,Little bird
250,Box Office - Demo
251,oatmeal and raisins
252,Unconditionally
253,blackHand_TRIAL
254,vite
255,TMacLeod-Regular
256,TotallyStraight
257,Chandrawinata
258,Typing Dazedd
259,morado marker
260,DJB Miss Molly Brown
261,matofont 01
262,WashedPurple1
263,something in your eyes
264,Akra
265,MyRandaRegular
266,Hand of Joe
267,SparklingSoda
268,SkinnyLatte
269,Fall is still like Summer in California
270,Ke Aloha
271,BBHANDTRIAL
272,Astronaut City
273,Bosk
274,Echoes
275,KBQuipster
276,Paresh
277,Scraggletooth
278,003 Anna Caps
279,KGSunnyAfternoon
280,BrazilFood3
281,Hello Bunda Demo
282,TakeItOrLeaveIt
283,KBSoThinteresting
284,PrinsesstartaMediumItalicDEMO
285,Hand of JJ
286,Stay Classy SLDT
287,Stroketastic
288,MTF Megan
289,yuimessyhand
290,Lamiar_Medium
291,Quincy Egbert
292,Onions
293,Gomezb-009
294,DJB Dear Mr Claus
295,Mekar Script
296,Promised Freedom
297,Gaelle001
298,AmazHand_First
299,FluffleMuffleHand
300,boluge
301,buttonsi
302,Barokah Bold
303,danielbd
304,Kaileen
305,PatiPe
306,Mawns_Handwriting
307,Monkeybutt2
308,PopularInvite
309,MIZIKE
310,BlakemanHand-Regular
311,yearbook
312,(true love)
313,First Grader
314,BetterGreatgood
315,Kids Stuff
316,Pommel
317,isabellabold
318,Drunk Handwriting
319,Commotion_Business
320,DJB Gonna Share My Story
321,Karly_s_Alt
322,Romance Font Script
323,KBbubblegum
324,Guthen Bloots Personal Use
325,Extra Fruity Italic
326,Mosaical
327,MTF Lexi
328,MuskyDawn
329,Travis Sans MS
330,Hollow Hills
331,IceCreamSandwich
332,MartyyFont
333,Lauvik
334,Zooeys Diary
335,NipCens Handwriting CondBd
336,PENCIL SHARP
337,ankecallig-fg
338,SaladeDeFruitsRaisin
339,Lenka_stabilo
340,KidSans
341,malam
342,beasley
343,Lovehearts XYZ
344,littleryan olucky
345,KathleenInline
346,JEMBOhands
347,NipCens Handwriting CondOut
348,KatieThompsonsHandwriting
349,Sansaul Petronika
350,Adenote
351,dbe-rigil_kentaurus
352,AbokiDreadlockJamSuya
353,Biloxi Thin
354,Rock Salmon
355,Across the Road
356,Short
357,MissedIt
358,Billys_Hand
359,Memoria vestri
360,Anxiety Management
361,HaeunMedium
362,DayDreaming
363,Theeny
364,IndigoRacers
365,DSnet Child
366,LuckyMoney
367,Nextok
368,Ackident
369,Jovanka demo
370,KGTightrope
371,morado nib
372,White Chocolate Mint - TTF
373,HipChick
374,hermida_pro
375,Potato_Farmer
376,FollowYouIntotheWorld
377,littera
378,Bmerva
379,natwooddraws-Regular
380,Karl Geoff Personal use
381,HandsOfMumu
382,MindAntiks
383,belta-light
384,Maneo_TRIAL
385,DJB Carly Sue Got Married
386,glen bold
387,HandwritingCR-2
388,Aziya demo
389,MagicStatus
390,ChristTypeScript
391,HayleysFont
392,DK Uncle Oscar Italic
393,Brain Flower Euro
394,WishingOnAStar
395,APD
396,Austie Bost Descriptions
397,gnyrwn971
398,de child font
399,me handwritin Thin
400,newjoshfont
401,Loose Typewriter
402,UCU charles script
403,Meet the Submarine
404,MissDisorder
405,Hesster Mofet DIRTY_TRIAL
406,Flamingo 54
407,ChasingTime
408,Lemonade & Lazy Days
409,MTF Lynds
410,BSD I Believe In Love
411,MTF Krystyna
412,End of the dream
413,VINCHAND
414,Winchester
415,Kathleen
416,Confessions WITHOUT ACCENTS (TrueType)
417,Jumpingthecouch_FREE_FOR_PERSONAL_USE_ONLY
418,HandingOver
419,MBChickenScratch
420,FeliX
421,FishersWharf
422,ErinnHandwriting
423,Jennifer Lynne Bold
424,DAISY CHARMING
425,Eternal Fascination
426,fandaeg
427,Shany
428,Semringah
429,Zrylux
430,Kenzou_hand_01
431,Fishermills
432,Lara Prints Bold
433,GoingAround
434,Perpetua Evenity
435,Alice Oranges
436,Massali
437,Deep Feeling
438,NeverGrowUp
439,SkitserSwift
440,Bad Calligraphic 2
441,Sweet-Yell
442,SelenesHandwriting1
443,ToubibDemo-Bold
444,Aspargo
445,Cupper Reversed
446,Hyva voittaa pahan 6-0
447,MINUS_CRE
448,KGTenThousandReasonsAlt
449,belta-bold
450,NorthCowboy
451,Hungry Penguin
452,JakeBitchDude
453,CyllsHandwriting
454,Daveys Doodleface
455,GingerCookies
456,ThinSimple
457,Homework Font
458,People per square kilometer
459,Handpen
460,morena
461,Retrogenious
462,Dhanikans Signature 2_dafont
463,KtnFingerwriting
464,Summer Handwriting
465,Somebercum_Sans_Serif
466,ToubibDemo-Light
467,TippyToes Bold
468,Sue Ellen Francisco
469,clean up your mess
470,CROSSPATCHERSDELIGHTNORMAL
471,Lex Font
472,Sentimental Beach
473,emmasophia
474,Platly
475,MTF Stampin Rachel
476,DJB Fan Girl
477,JaniceHand
478,Stinkerpotomus
479,Wolframia
480,Boldenstein
481,chabinho_2008_v2
482,Infinite
483,KGMissSpeechyIPA
484,KGMissKindyMarker
485,p4r4d0x_h4ndwr1tt3n
486,Solidar Monoline Light
487,JordFont
488,LightCurls
489,WinnersParade
490,Ajieb
491,Creta_TRIAL
492,Zerocalcare Blackletter
493,Kiddish
494,Zerocalcare Script
495,Callani
496,MrDiamond
497,fun fragment
498,OriginalDonDada
499,Passing Notes
500,SERIALS_T
501,Gimp Scribble
502,Teschkescratch
503,SNTS MouseLaak TP
504,Egg
505,DJB Another Mandy
506,HotlineBling
507,Darflow
508,pastelfont
509,anna
510,Freehand Blockletter Bold
511,Hector Demo
512,PlumePLUME
513,SF Foxboro Script Italic
514,lazy_dog
515,Stay Fresh - Demo
516,Gracie
517,KGFeeling22
518,KBChubby
519,Sundaes on Mondays
520,Supernova
521,DiodeFont
522,Noturnal Hand
523,Darbog gradient
524,SignatureVP-PersonalUse
525,Billenia Standard
526,NotDot
527,The One Jenny Made
528,TakeMeTuesday
529,YourForever
530,zai_CalligraphyScriptHandwritten
531,Anisa Sans
532,Lilian
533,CompanyProblem
534,TippyToes Regular
535,dearJoe 6 TRIAL
536,little shrimp
537,Sweet Nothings - Demo
538,Wildfire
539,B-McE
540,Inkburro
541,AYearWithoutRain
542,Read between the lines
543,KBNeiledIt
544,whatever it takes
545,Syberic
546,Ectomorph TTF Dafont
547,MixDemiSans
548,QuickDirty
549,Elements Personal Use
550,Macy roo
551,something blue bold
552,MaxiTheChiwahwah
553,ARACNE_light
554,Irregularis
555,Inanimate_AllStars
556,Mandela Script Personal Use
557,ligera rouden
558,street_prescription
559,OhStormy
560,CharmingGem
561,deepforest
562,sahidz script
563,HelloLori
564,My_handwriting
565,Kiwii__1
566,LovelyK
567,SuperVillain
568,Prettygirlfree
569,InBetween
570,Aprils Demo
571,billbonessans
572,AmericanFreedom
573,Stellanova Script Free Demo
574,Suji
575,Secret Diary
576,MyaPapaya-Regular
577,Dallas
578,PeachCreamCreamsicles
579,LettertypeMies-Regular
580,thors thunderfont
581,Jennifers Hand Writing
582,signarita_louisse_thin
583,HandDoodle
584,HeartKeeper
585,CUERNOMUERTO
586,Ktochi
587,Crown
588,KBExpansive
589,de Manu 1 NormalItalic
590,urban_anxiety
591,Celebrate the Day
592,AmarillReg demo
593,MTF Hoo Rah
594,Izabela
595,Macopah
596,GEMETERAN
597,meryjane_v2
598,LilTastyGoods
599,KLEmily
600,Ellega
601,Sudden Desires
602,stripedsunshine
603,AnnasHandschrift
604,Super Natural - Demo
605,BreakPoint
606,Strassman Script
607,Paris By Daylight
608,UltraBeams
609,DH Hand Scribblies
610,BriLliant
611,The Heart Maze Demo
612,RuinOfFabulerie-Regular
613,JustColesCursive
614,Cisca Note light
615,Diamond Girl Hollow
616,Klepon Scone
617,Sanlabello
618,YouAreFont
619,LUCJANO
620,Cassini Marker
621,Chocolate Covered Raindrops BOLD
622,Back to School
623,Charmie
624,phitradesign Handwritten Thin
625,thegirlnextdoor
626,Funky punky
627,Pizza by Alfredo
628,KGLoveYouThroughIt2
629,SummerScriptastic
630,DK Early Morning Coffee
631,KBDARLINGMG
632,BrazillianBbq
633,Debrie_Bold
634,Dhanikans Signature Italic_dafont
635,Faradisa
636,Love You Angel
637,KBSquishyBlanket
638,Morning Gold Free
639,Hello Beauty Personal Use
640,Waiting For You - TTF
641,I Still Believe
642,Thick Marker Talls
643,Hanoded Hand
644,Deteriorate_The_Internet
645,AvenirCondensedHand
646,ADAMSFONT
647,vamp3d
648,Guys My Age - TTF
649,-Moody Spaghetty- DEMO
650,Georgia Belle
651,Boquerón
652,Anilin_bold
653,AramAbdulla
654,LyeMueLookKreung 2
655,Mikey
656,EraysWriting
657,peak
658,KBSunshine
659,stonepath
660,The Quick
661,MANUSCRITE
662,Stealingkissesinthemoonlight
663,california
664,WarmShowers
665,Hobby_NeruChan
666,Something in the Night
667,Shelby
668,DJB Got No Time For That
669,Hipster
670,Sweetie Pie
671,WLScrawlMyChildren
672,CoalhandLuke TRIAL
673,Hitam
674,TokyoLights
675,NorteaaTallHand
676,MulticoloredButterflies
677,chalkboard
678,Straight Up Zody
679,99%25HandWritting
680,DiscoverEarth
681,SWiNg HIGH
682,Red Velvet - Demo
683,Annabelle
684,Even More Mixed Up 2 - TTF
685,Joes Burguer Personal Use
686,Wiltasso Demo
687,As_I_Lay_Dying
688,NB-1
689,Jenny Penny
690,Travelling
691,Spring Holiday
692,KGAlwaysAGoodTime
693,ApplauseFont
694,HelloBeMyPenPal
695,Renemma
696,Stya
697,KBFreezerBurn
698,Laura Hellaw Free
699,PracticalScript
700,LUNAKRONIKLIGHT
701,Pushing Up Daisies 
702,Pretty_Pastel
703,Fancy_Not
704,Vtks Ballerina
705,Quickly
706,A Simple Life
707,MixSwift
708,KillahPikaPika
709,LadyInYellow
710,KGWhatDoesTheFoxSay
711,PWOblique
712,vtks legal
713,Shelter Me
714,PumpkinSeeds
715,Rockberry
716,ToralfontClassic
717,CWBTRIAL
718,BDAvignon
719,SkinnyBitch
720,Ed_Snowden
721,DJB BOYFRIEND JEANS
722,KGSweetNSassy
723,BunnyCookies-AllCaps
724,SharonLipschutzHandwriting
725,BehindtheMirror
726,Firdaus
727,OMGWriteLikeWilliam
728,Reeses-Regular
729,TingTong
730,DJB Me and My Shadow Dark
731,RadicalLlamas
732,vielkalahizo
733,kkninetn
734,irisisweird
735,Letters From Home
736,Housttik Personal Use
737,KBSwiftly
738,PoundCake69
739,JH1TRIAL
740,oysternubsscript
741,EryxFreeform
742,Myrthe
743,DJB This is Me 2
744,clairehandlight-webfont
745,ARACNE-ULTRA-CONDENSED_light
746,Designer-Notes
747,Skinny Vanilla Latte
748,DJB Fresh Start Bold
749,LastLine
750,Font-On-A-Stick
751,Good-night
752,GoodMorning
753,Fonty
754,Heavenvetica
755,Parkinsons
756,ComeUntoMe
757,Papa Bear
758,GeeKnee
759,WW Pencil
760,April Flowers - TTF
761,DJB Sand Shoes and a Fez
762,Rachela Script bold personal use
763,Wisdom is Better
764,Rhinoceros2
765,TerminalEvent
766,DK Sheepman
767,Kayla1
768,Scrogglet
769,hurryupweredreaming
770,girlnextdoor
771,Rebecca_sFont
772,Loddyfont
773,Ragnarok
774,Windy Indigo
775,FreshHoliday
776,GaelleDEF
777,mahligai
778,KGINeedAHeartFont
779,Cisca Note regular
780,NACHOTL_
781,leJasper
782,Denne Marker
783,michelle digital handwritten
784,Macs Handwriting
785,Ellephont
786,KBKinderWrite
787,merrichrisbi
788,Rosella Script
789,JDJerk
790,beccasfont
791,Spookydeee_handwriting-Regular
792,Writing is Hard
793,Zentaiges
794,Laila
795,goodvibes
796,LoveAtFirstSight
797,khandb
798,DefyGravity
799,PW Curvy regular script
800,Quintus_B_trial
801,"Elementary, My dear"
802,bianca
803,RAYAIRREGULAR BATS ( DEMO)
804,Hickory Jack
805,ONEFINGER_CRE
806,Shella clean dafont
807,dustin_scribble
808,ParamoreAlbum
809,Lyhyt Lauantai
810,morgan
811,kibler
812,PrinsesstartaLightItalicDEMO
813,barefootbluejeannight
814,Everything Rhymes with Orange
815,Violety Crumble
816,Simply Complicated - TTF
817,Celeste Hand
818,1stHandwrittenRAB1DRABB1T
819,ARACNE-CONDENSED_regular_italic
820,cantreach
821,Onceuponatime
822,Denne-Wintermelon
823,Rachelhand
824,Best Deals
825,SF Foxboro Script Extended Bold Italic
826,Micaronian
827,DJB My Boyfriends Handwriting
828,AmatullahReg_S2014
829,TomaszSkowronski
830,Better Saturday
831,BellaKfont
832,ARACNE-ULTRA-CONDENSED_regular
833,CutiePop
834,AngelinaHandwriting
835,Escapades
836,Andy
837,NipCens Handwriting Regular
838,GizmoPencilPersonalUse-Regular
839,WSOpeniPad
840,MTF Ca Maura
841,KGMissKindergarten
842,ThrowMyHandsUpintheAir
843,Deadline Countdown_PersonalUseOnly
844,quaderno_bianco _bold
845,Mr_Monty
846,Begorra
847,MulticolorAgilitys
848,Technically But Not Actually - TTF
849,Beneath_the_floorboards
850,Axe_Hand
851,HelloIHeart
852,Ecuador Bold
853,JUSTYO_7E1
854,Singularity
855,TamoroScript_PersonalUseOnly
856,Simply Glamorous
857,DJB Miss Jinkie Van Pelt
858,KGEyesWideOpen
859,Sharkscribble
860,greatade
861,No other name
862,Asdfghjkl
863,SMLFATMARKER
864,SF Grunge Sans
865,For Girls Only Bold
866,Cutie Patootie
867,Chicken Scratch
868,Beach
869,people
870,STARGAZER commercial use only
871,DJB See Spot Run
872,The Kool Font
873,AnsteryScript
874,something blue
875,Balton Demo
876,100Love
877,Nicolas_Frespech
878,ARACNE-CONDENSED_regular
879,IvysPrinting
880,Alpine Script
881,HangingByaThread
882,cursi extra tfb bold cursive
883,PastelSkies
884,Dani-Regular
885,Pikku Julmuri
886,ChinalLight_PERSONAL_USE
887,Georginas Hand
888,Philippe
889,SophmoreYear
890,kvant-18
891,Jenny Hand
892,stutzman
893,AndNow handwrite
894,SpringDaisy
895,HelloBoomerang
896,Marleen Script Medium reduced
897,Lemonjuice
898,CatCafe
899,azaura
900,Valairya personal use
901,Anggeliana
902,Congrats Script - TTF
903,LibertySails
904,ashleymarie
905,Izzeh
906,elizacat
907,Pumpkins Personal Use
908,HelloBrady
909,MARIJOLOVER
910,KGSkinnyLatte
911,Miglia
912,bonbon
913,ComingHome
914,Ships In The Night (Outline)
915,Elegant hand Script
916,MixMiniCaps
917,TheJacklyn
918,Grundlegende by Cindyyo
919,Cutie Patootie Skinny
920,alyssum demo
921,I_Love_Pugs
922,Daydreamer
923,Anilin_regular
924,gomarice_the_past
925,Elevate_PersonalUse
926,Vtks Rash
927,LoulousScribble
928,Spindly Legs
929,cj potter Handwriting
930,BenBrousseau
931,Darbog outline bold
932,Mfooont
933,Harrowprint
934,Christmas Gift
935,ClaireHandRegular
936,madman
937,Atyla Demo
938,Qarolina
939,PuppyBellies
940,PrinsesstartaLightDEMO
941,Danv2
942,Shopping Script Demo
943,6PM
944,Ginger
945,picablo fentier
946,InMyDreams
947,Glitter Script
948,JakesHandwriting
949,NaomisHand-Regular
950,Bridges
951,Neko
952,Signboard
953,Aneisha demo
954,Valerie Hand
955,Sareeka-demo
956,HolidayEvent
957,Mf Autumn Breeze
958,SF Scribbled Sans SC
959,Jellyka CuttyCupcakes
960,DJB Baby Bump
961,PoisonedApples
962,forestfire
963,My_First_F
964,jd_sketched
965,de Manu 1 Normal
966,The Flowery Spring
967,Miss Monkey
968,CoertSchrift_Romaans
969,Duxbury Beach
970,Tremolo Flaw
971,ascension
972,OrionFont
973,Shaynes_Handwriting
974,mickey_script
975,wei
976,nyonya_gendut
977,Dliya-Regular
978,PrinsesstartaMediumDEMO
979,Cutiepie
980,Noble Notes
981,Instant Marker
982,Pancakes and Whipcream
983,RufusScript-DEMO
984,Marker Comp
985,Freehand
986,PWJunefont
987,merrichris
988,Domestic_Manners
989,telo
990,Aida Garmo - Aida
991,RonDRs Script
992,handwriting
993,littleryan
994,JackieKCursive
995,JulesHand
996,ANDi-Regular
997,Baby Ground
998,Austie Bost Dreamboat
999,HelloLucy
1000,SharpK
1001,Cream Donut
1002,Uberfriends
1003,City Birds
1004,CindyyoSkinny
1005,Notera2Thin_PERSONAL
1006,KGFallForYouBold
1007,Zay
1008,GiveYouGlory
1009,LittleJack
1010,humswu
1011,Soli Deo Gloria
1012,Gravity
1013,Bernard
1014,MARI&DAVID
1015,Mf Be Yourself
1016,Any Average Day
1017,MagicBeauty
1018,ShelbyShortandFat
1019,CaroHand
1020,Armand_Extra
1021,CFGreatDestiny-Regular
1022,SunshinesComing
1023,PhontPhreaks Handwriting
1024,HelloFirstie
1025,MonkeyWishes
1026,CrystalCastles
1027,GhostOfMars
1028,Cahyati
1029,Yes siree bob
1030,Mojito in June
1031,DJB Geeks Who Wear Glasses
1032,SwaggerBold
1033,Richie Youthfield Personal Use
1034,Snow White
1035,thuyschickenscratch
1036,pancho
1037,PW01Script
1038,JustRealizeBold
1039,OpenHatch
1040,DawningofaNewDay
1041,TrefayDemo
1042,Mf Delicate Little Flower
1043,OhHello
1044,BubbleWriting
1045,IYSNobodysPerfect
1046,soul-handwriting_free-version
1047,writtenonhishands
1048,CoalpenPersonalUse
1049,SquigglyAsta
1050,Paper Plane Hollow
1051,LemonadeJuice
1052,OakLawn-Regular
1053,Lauantaiaamu 0725
1054,BEDSA
1055,Neatte
1056,JetskisInSummer
1057,unrulyness
1058,BronzeScript_PersonalUse
1059,FantaseaAquaBabe
1060,Me Likey
1061,Philing
1062,PWJunescript
1063,DJsSlantSerif
1064,AdamskiHand
1065,CookieChips
1066,gloriahallelujah
1067,Heins_ED3
1068,TallithaFree
1069,Signerica_Fat
1070,LeyFont
1071,SeasonFourteen
1072,HARDWORK
1073,MTF Colleen Cursive
1074,cookies&milk-Italic
1075,MyLuckyPenny
1076,WorkThatWednesday
1077,Jonas Beckman Two TTF - Dafont
1078,HipsterishFontNormal
1079,SF Foxboro Script Bold
1080,Abuget
1081,LilithScript
1082,BBYCAKES
1083,merediths hand
1084,KatherinesHand
1085,Free Version Angelina
1086,Moonlight
1087,SpringRaces
1088,DJB About a Boy
1089,Adventures on the Mountains
1090,SlimeSeason
1091,FrankDrebon
1092,Kindergarden
1093,PeaMeaghan
1094,PWSlimyfonts
1095,Write_Like_Jesse
1096,KelissaThin
1097,WildernessTypeface-Regular
1098,Jimmy Flashcard
1099,bromello-Regular
1100,Guppy
1101,SchuboiseHandwrite
1102,Typee2l
1103,"DJB Oh, Suzannah"
1104,thinnyness
1105,Ucu-Aned-Demo
1106,Raw Selvedge - Demo
1107,Desperate For You
1108,shazihand
1109,Lennon
1110,gendhist
1111,Sidoraby Personal Use Only
1112,Inocua
1113,Golden Plains - Demo
1114,Jomblo Ngenes
1115,AlveFont
1116,GaelleNumber5
1117,KGBeneathYourBeautiful
1118,Super Turnips
1119,Bigness
1120,MWBubbly
1121,Lefty Does Righty Charcoal
1122,Leaning on Everlasting Arms
1123,FirstLyrics
1124,Mr Fisherman and the Shoemaker
1125,Sassy Stark
1126,Pen 2
1127,that i love you - TTF
1128,KGGodGaveMeYou
1129,Future Shock - Demo
1130,JordansFontt
1131,Atofont_Regular
1132,katieish
1133,Grinty-FREE
1134,123and
1135,merrichrisi
1136,Rachel
1137,handwriting 4 by CA
1138,Sams Handwriting
1139,PWAnotherScript
1140,Rowdy
1141,Feel_Me
1142,StayStrong
1143,dangowee
1144,MichaelMarkerLite-Regular
1145,Joshua
1146,Over thE MoOn
1147,Slim Chef -personal use
1148,fingerlinger
1149,ForMyTrueLove
1150,tough_dog
1151,Scrappy-looking_demo
1152,Doc_porn_
1153,SandyShoreShells
1154,khand
1155,NATURAL SUGARS
1156,Domigorgon
1157,KGGirlOnFire
1158,Slim Jim
1159,Catsintheclouds
1160,All Things Pink
1161,TrystansWritingCorrected
1162,LittleSparrow
1163,cantilena
1164,ellis
1165,DHF Happy Birthday Ryan
1166,Josh Handwriting
1167,Sortdecai Cursive Wild Script Free
1168,Angel
1169,MarketSaturday
1170,Behind Brown Eyes - TTF
1171,Badhandwriting-1
1172,LaCarmella
1173,Signoff
1174,!PaulmaulLongs-b
1175,SkidooThin_RH
1176,Crystal
1177,RedstarBold
1178,RollingDices
1179,JarofHearts
1180,KGSatisfiedScript
1181,BoxysReturn
1182,SuperAwesome
1183,sambrown
1184,SF Grunge Sans Italic
1185,baby dont worry bout it
1186,003 Katie Caps
1187,Darbog
1188,suriel broad marker 01
1189,Maybe But Not Always
1190,SafariColorway
1191,jcgr61
1192,Dotty
1193,Rathyland
1194,where stars shine the brightest
1195,Flo__s_Handwriting
1196,Skipping_Stones
1197,BDRouen
1198,GCMFontone
1199,KomixCon-Bold 
1200,ByTheButterfly
1201,spijker08 regular
1202,ThinkLight
1203,zsarchankian
1204,StopYelling-Regular
1205,Flash Back - Demo
1206,MTF Flowrites
1207,Myth
1208,MTF Gavin
1209,Motives
1210,Geo Upsidedown Thin Version
1211,DancingintheMinefields
1212,Italo_Regular-Italic
1213,MattsHandwriting
1214,ChapulFont
1215,HelloJourney
1216,ExpletiveDeleted
1217,jd_stefania
1218,Paul_PC
1219,Ordinary Day
1220,Davidcito Serial
1221,Curzab
1222,Spooky Spiders
1223,TammyRae
1224,Prestige Signature Script - Demo
1225,november2
1226,Atofont_Light
1227,PaintLetters
1228,IgniteMe Bold
1229,CaliforniaSkies
1230,Axiom
1231,Darb
1232,Bestest Buddies
1233,hapole_pencil
1234,KBWalkingontheTable
1235,Today People
1236,SneakerHunting
1237,OliverTwist
1238,NightWork-Free
1239,PeacefulDay
1240,DJB Jenna
1241,ChickenScratch
1242,AHintofSass
1243,CoertSchrift_Dik
1244,My Silly Willy Girl
1245,Always Forever
1246,DJB Lemon Head
1247,DaintyDaisies
1248,DirtyShocker
1249,ZakirahsCasual
1250,PotionFushia
1251,EATMYEGGROLLS
1252,MANNS BARE HAND
1253,Texas Spring - TTF
1254,kval-26
1255,Dhanikans Signature_regular
1256,DJB SUGAR SHOCK MAX
1257,Nanda
1258,OhMaria Bold Italic
1259,DJB Geordie Girl
1260,gaps-s-b
1261,SaraScribbles
1262,le Laboratoire du Docteur Steak
1263,maisha script Demo
1264,DJB In Such a Rush
1265,good
1266,Amazing_Bro
1267,Alyrii
1268,Lalex
1269,KGMullally
1270,Darbog outline bold italic
1271,PWBoldScript
1272,KingsPride
1273,Quirky Thins
1274,ShePaintsMeBlue
1275,Shrewdy
1276,Ammys Handwriting
1277,Gimme Cheese
1278,ByMyHand
1279,Jake and Abby
1280,Popsies
1281,Laurenawrecksus
1282,Sile
1283,Compressedhand
1284,PP_labai
1285,PattiFont
1286,Enchanted Castle
1287,JohnDaly
1288,charlie
1289,PWJazzy
1290,shailettering
1291,Aldine
1292,Pepitas Demo
1293,HelloHandMeDown
1294,Halimun
1295,AMENO
1296,Skinny But Cute
1297,DJB In a Hurry
1298,Astralasia
1299,LoveMeAgain (1)
1300,gabiie_s handwritting
1301,PoodleDoodles
1302,Super Sweet
1303,cheyennei
1304,MTF Wulan
1305,SapphireLaguna
1306,DaveyHand
1307,TheGreatEscape
1308,KGRayofSunshine
1309,Nonciclopedia_By_Sabaku_piccolo
1310,Hartford Demo
1311,Kentucky FREE
1312,If Only - TTF
1313,Cousin
1314,fanandiaa
1315,SeaGreen
1316,ClaphappyLight
1317,ARACNE-ULTRA-CONDENSED_light_italic
1318,ALincolnFont
1319,FGfontfull
1320,ZakwanOebit
1321,Aji_Hand
1322,strangeways_bold_sample
1323,Arnot Hand
1324,HelloEllie
1325,Southofknowingwhy
1326,WildThang
1327,KGLoveYouThroughIt
1328,lollipop
1329,magical_wands
1330,Sweet life
1331,scripto tfb
1332,NothingYouCouldDo
1333,Margarosa
1334,Cartoony_Worldoz
1335,Simple_kindergarden
1336,Sweet Steeffie
1337,Oliverra
1338,IZZYLOLFONT
1339,ForSale
1340,Hyperbole
1341,TakeItOrLeaveItBold
1342,GeorgesNotes
1343,The_Brown_Fox
1344,cutepickle
1345,Sarabelle
1346,Mias_greetings
1347,Serenity Demo
1348,Anjelika Rose Hollow
1349,EstaNoche
1350,Rainstorms in July
1351,Give It Your Heart
1352,SanFrancisco
1353,Miss_clo
1354,Arkara
1355,ah the monster is coming
1356,MixGiants
1357,ScribbleOnTheBus-Regular
1358,Gravity Handwritten
1359,Something Blue
1360,SumateraRegular
1361,SaveAPrayer
1362,Befindisa
1363,Dami_Was_Here
1364,Large_Handwriting
1365,Georges
1366,PrestonsWriting
1367,JackieK
1368,ItIsWritten
1369,Earth Quest
1370,Finita
1371,sherlox
1372,The Chicken love Story
1373,notperfect regular
1374,tallpaul
1375,KGWaystoSayGoodbye
1376,HelloCake
1377,PWLeftHand
1378,DenneDelica
1379,TheHundredClub
1380,Delgadito
1381,SweetDarkness
1382,LullaBelle
1383,Afromatic
1384,Plumpy But Cute
1385,Kristinprint
1386,ParisLabel
1387,NukaMono
1388,Manus_Smooth_TRIAL
1389,cuteness
1390,PipeFont2
1391,GracedScript_PersonalUseOnly
1392,ARACNE-CONDENSED_light_italic
1393,Tahu!
1394,Liniga
1395,Sucked_Dry
1396,123Bambou
1397,strangeheadache
1398,Sweetly Broken Bold
1399,Late Night Love Notes
1400,Iced Latte
1401,Shout
1402,DK Keswick
1403,Zerocalcare Script Bold
1404,X Font
1405,Grand_Duchess
1406,The-Sunset
1407,kristenshandBold
1408,Lamiar_Regular
1409,TraceMe
1410,TMJ
1411,AndreaUnedited
1412,adhie
1413,BoardMarker
1414,annshandwriting
1415,Modena
1416,Dker-FeltPen
1417,!PaulMaul-b
1418,Cattalleya Demo
1419,QuickComic
1420,prochok - demo_0
1421,Anothershabby_trial
1422,MB_PotatoesAndPeas
1423,JUNTOS
1424,amandarae
1425,DHF Happy Birthday Ryan Italic
1426,Slippery Dip
1427,Spring Script
1428,DraconianMechanicalPencil001
1429,My Own Script
1430,Gracie Light
1431,Vingiloth
1432,JandaCapslock
1433,Glitzstick
1434,Yash_Jaiswal
1435,Love
1436,SummerScript
1437,Nils
1438,Simply Be
1439,Shutter Stone Standar
1440,popstarAutograph
1441,Chiffon & Bows
1442,Bikarosta-Script
1443,Georgia Belle Skinny
1444,COFFE & MILK
1445,big_river_script_sample
1446,Sweetie Hand
1447,HelloMilkMoney
1448,SarcasticaModern
1449,Rachel_Kate_Thick
1450,lanara script-demo
1451,Muurahaiskarhu
1452,CFCrayons-Regular
1453,fck me harder
1454,cringes
1455,99_percent_OCCUPY
1456,Anne
1457,Indie_SummerUnfilled
1458,Randy
1459,appleocean
1460,Chelosia
1461,JustCole
1462,Soggy Kitten
1463,Chloe_s_Handwriting_2
1464,cookies&milk-regular
1465,TightsJays
1466,Quirk
1467,Bigmcn__
1468,angeltoes
1469,Muspi Merol Krad
1470,FlyknitLife
1471,RutmerHand
1472,coolstory regular
1473,Penguin
1474,what ~ fish
1475,Sophistica 1
1476,etw
1477,Cashew Apple Ale Bold
1478,Scribble_Hand
1479,Krizzy
1480,Magical Waste Personal Use
1481,VTC JoeleneHand Regular
1482,Run Wild - Demo
1483,RaceFeverPenPersonal
1484,Seneca
1485,Jekafont
1486,KBCampOut
1487,Daniel_Sans
1488,Bokretan Demo
1489,XtreemFat_PERSONAL_USE
1490,Notera2Bold_PERSONAL
1491,Spring is Coming - TTF
1492,Love & Sunshine - TTF
1493,MyBooThang
1494,Almairah 02
1495,HANDYHANDY
1496,handkerchief
1497,my derp handwriting
1498,Aloha Luna
1499,Creepers
1500,Danger Zone
1501,Lettregaelle
1502,Entopia(Demo)
1503,PataquesBrush
1504,PWAugust
1505,northampton
1506,TARItsAGoodDay
1507,Rainbows&Lollipops
1508,MTF Playtime
1509,MondayMorning
1510,IsiniScript
1511,Vania
1512,Just Sayin - TTF
1513,Daily_Natalie
1514,kitTypeExtra
1515,pops_08_REGULAR
1516,destination_desolation
1517,Danny
1518,Coffee House
1519,steelgohsts handwriting
1520,Bliss
1521,WinebytheGlass
1522,Sonny_Moore
1523,Of Wildflowers and Wings 2
1524,Brian Strait personal use
1525,Loveletter No 9
1526,Notera2Medium_PERSONAL
1527,yummah_strawberriez
1528,Top Of The World
1529,IDW
1530,Hand Of TT
1531,Karz 001
1532,derange1
1533,Aquarious
1534,Another Birdhouse Light
1535,AHundredMiles
1536,Aldo Dattoli
1537,granbestiapop
1538,Arcanum_Order
1539,BadInk
1540,Tehzeta
1541,Alley Cat
1542,Jessica Elaine Thin
1543,Alain Perso
1544,Sweetness-demo
1545,Arigato Handwritten
1546,La Belle Aurore
1547,Madeleine-Demo
1548,estirada
1549,Miodrag
1550,NeverLetGo
1551,DK Cool Crayon
1552,BDToulouse
1553,Bollivia Rosilla Demo
1554,TinyAirBalloons
1555,Gabby
1556,stefanieFont
1557,dill pickles
1558,PosterScriptB
1559,HelloBestDay
1560,Austie Bost Marketplace
1561,Hillary Script Demo
1562,DJB Straight Up Now Bold
1563,Emmis
1564,MIKEFont
1565,EneasExpanded Regular_
1566,Rossela-Demo
1567,SF Foxboro Script Bold Italic
1568,Lucas Eleven
1569,CECILE
1570,HighZombie
1571,LauraClaire
1572,BrokenFixed
1573,SF Scribbled Sans Bold
1574,K26DewdropDaisies
1575,Southpaw
1576,Ducky
1577,Dudu_Calligraphy
1578,Pyjama Party
1579,NipCens Handwriting Light
1580,Austie Bost In a Rush
1581,SammysScript
1582,noah
1583,Scriptish
1584,SureReal
1585,Eufoniem Two
1586,CEF
1587,Make Em Look Bad
1588,Troficanos
1589,b-de-bonita-shadow
1590,NOALANI
1591,le_Grand_Saut_TEXTUAL
1592,HairProblems
1593,QA Reports
1594,karine
1595,Ripper
1596,CFDisappointed-Regular
1597,ErinValerie
1598,Jenny
1599,HAND_LEFT_CRE
1600,Dear Disya Standard
1601,BeyondHyped
1602,csdesign
1603,Armand_chief
1604,My Big Heart Demo
1605,AniRandy
1606,cecilia_script-webfont
1607,ArtMartinez
1608,ThinkingAcademicDT
1609,Vague
1610,SF Grunge Sans Bold Italic
1611,Gimp_Mousewriting
1612,belenpison
1613,Fairies Are Real
1614,Italo_Medium-Italic
1615,buttonsl
1616,cheddar jack
1617,Gambler in Town
1618,Fairyland Demo Font
1619,kontuto
1620,The Fat Store
1621,LastHand
1622,Hesterica
1623,Always Right
1624,htskinnyme
1625,kiwischoolhandwritingregular
1626,roundirregularity
1627,WrittenInTheStars
1628,Kiki
1629,NipCens Handwriting Condensed
1630,Starbrite
1631,BlackberryBluesThick
1632,BadWeatherDemo
1633,MobilesFont
1634,SymcaPersonalUse
1635,natalia_colleen
1636,Patoskript
1637,DJB I Love Me Some Brook
1638,The Queen is Having Fun
1639,KGLesBouquinistesdeParis
1640,Badopus tfb
1641,Amanda Santiago Demo
1642,Bromine
1643,blackjacketboys-Bold
1644,August free
1645,ZipperHeart
1646,gregorio
1647,main levée-regular-ju
1648,Aesthetik Script DEMO
1649,Austin Worth
1650,dnahand
1651,JustSignature
1652,Davy_Francis
1653,BrickbyBoringBrick
1654,MPOKhand
1655,KGLikeASkyscraper
1656,Jerry_B4s_handwriting
1657,RC My Dream Font
1658,Jelytta
1659,SundaySneakerFun
1660,sixteen
1661,CaliforniaHarvest
1662,PWsignaturefont
1663,DreamOnAStar%281%29
1664,K26BonVoyage
1665,ChickenAndWaffles
1666,pastel crayon
1667,Bryonys_Handwriting_Bold
1668,skolateka
1669,SandcastleMedium_TTF
1670,niscript_font
1671,graceful regular
1672,Pudding Script
1673,skinnyness
1674,Hello Esli Script
1675,Sixth Kristen Squirt
1676,Eritta
1677,washington free
1678,Daisy
1679,The Waddys
1680,Easy Going - Demo
1681,SweetHandwrite
1682,CurlyGirl
1683,All Things Pink Skinny
1684,Saridezra
1685,DJB Me and My Shadow Light
1686,PrestigeScriptAlt
1687,MissMelancholy
1688,panchito style
1689,BrokenMustangs
1690,AmazingSummer
1691,FantasticSunset
1692,HelloQueenie
1693,Darbog outline italic
1694,Rowdy Sans
1695,DayansFont
1696,SaturdaySundayMonday
1697,PhoneHome
1698,Cees Hand Regular
1699,daddy
1700,KGLikeASkyscraperBold
1701,Dreamer
1702,Kap
1703,Woah
1704,DESYREL_
1705,Gomez-009
1706,MRF funkyfresh
1707,ChildWritten
1708,imelda
1709,GerardsGold
1710,Flawless
1711,KBStylographic
1712,You Me And Coffee
1713,BART Handschrift
1714,SantaCruz
1715,Stealletto
1716,Vanlose Handwritten
1717,SF Grunge Sans Shadow Italic
1718,Bazgroly
1719,Reilly Beck Demo
1720,brushgyo personal use
1721,InHades-Regular
1722,PWStretched
1723,My_font_is_a_handwriting
1724,AmazHand_First_Smooth
1725,DJB Coffee Shoppe Venti
1726,HelloCasual
1727,Zeyada
1728,MorningKisses
1729,123Marker
1730,LucysScribblings
1731,SalvatStudy-Regular
1732,Sketchy
1733,Rhiner
1734,RipeApricots
1735,Denise Sans
1736,vastorga
1737,Fish Sausages
1738,The Grateful 3
1739,JustMeAgainDownHere
1740,LetsGaux-Regular
1741,cursive
1742,This is Signature FREE personal use
1743,Myawesmeated handwriting
1744,ExpensiveHabits
1745,BallistickDemoVersion
1746,BamsHand
1747,Pigeon_scribble
1748,MRFBOOM
1749,Simple Kind Of Girl
1750,DJB Straight Up Now Bounce
1751,Georgina Light
1752,KingsKardashhh
1753,megan hand
1754,Dance With Me Tata
1755,Uni
1756,Muskaters personal use
1757,Signup
1758,ChinalBlack_PERSONAL_USE
1759,yerbaluisa_demo-font-FFP
1760,Three_Dots
1761,Elegance
1762,Breakout
1763,John Snow
1764,julies
1765,bilyardeis-new
1766,Fall is Coming - TTF
1767,Mauritian Vibration
1768,Sparkly Hearts
1769,Figs in the Summer
1770,Flabby_Bums_handwriting
1771,Dickie
1772,QueenGladys-Regular
1773,Sketchalot
1774,SpaceRomance
1775,{Tubagus Rangga Efarasti}
1776,Delicious Doom
1777,ThinTall
1778,WoodCabin
1779,MigliaFur
1780,PWAugustbold
1781,Bad_handwriting
1782,Mallino
1783,KGMissKindyChunky
1784,Bunny Ears Italic
1785,Innocent
1786,AskesHandwriting
1787,LeParisien
1788,DJB THE CHEERLEADER
1789,AbstractThing
1790,fairy wings
1791,peaweenie
1792,Stay Wildy
1793,Eufoniem One
1794,JobBoof
1795,SugarLemonade
1796,AllStarGameYay
1797,MissKatLaurente
1798,Ten Million Fireflies
1799,Write It Right
1800,hakee2
1801,Lazyfont
1802,Betsilicious
1803,Psalms
1804,Anjelika Rose
1805,circhand
1806,Systamatic
1807,Hand_Of_Sean_Demo
1808,Composition
1809,DJB Chubby Muffins
1810,swag
1811,KGEmpireofDirt
1812,adelitha
1813,DJB Sandra Dee
1814,Easy Rider
1815,BornAddict
1816,SL_RG
1817,An_Original_Font_By_Davi
1818,babe
1819,Rocky Mountain Beauty
1820,Living _ Dream
1821,CindyyoBold
1822,BoxingChocolates
1823,Little Miss Wonderful
1824,HelloMissThang
1825,parne
1826,DJB Zora Prints
1827,UpcycledMama
1828,Hiyagh Ahey
1829,SF Scribbled Sans Italic
1830,JuneDay
1831,WeddingPlans
1832,James_Fajardo
1833,FuckYouv2
1834,lizzielongstocking
1835,HappyNewYear2016
1836,Baby Lexi
1837,KBSketch
1838,StuntinOnYou
1839,Jessica and Alex
1840,fox in the snow
1841,Aescudos
1842,Mak_Ngah_Punya
1843,Southampton
1844,DJB Room Mother
1845,AbsoluteInvite
1846,Millennial Solstice
1847,LittleTealSue
1848,Seaside Groove - Demo
1849,ZDRAVO MARIA_DEMO_RODRIGO ARAYA SALAS
1850,Love Me
1851,Janesville Script
1852,demoi
1853,Blackgold
1854,ChargedUp
1855,SF Foxboro Script Extended Bold
1856,Mighty to Save
1857,MaryKate
1858,K26AlphaCasual
1859,LCDaisy
1860,kokekoko
1861,CleanEasy
1862,Heather Shibahn
1863,Learn To Spell
1864,kenzie
1865,BoulderRough
1866,Scrawling Pad
1867,Weigl
1868,dusty_matchbox
1869,Allen
1870,DJB Heart Attack
1871,MyWord
1872,pow
1873,FiftyShadowsDT
1874,Wilson Hand
1875,MTF Messy
1876,chokoshtroko
1877,SF Foxboro Script
1878,Some_Animal
1879,LoveStruck
1880,Carte Postale
1881,PW Quick Write
1882,OrcaScript
1883,Beasley_Light
1884,hwfont
1885,Bunny Ears
1886,Effe
1887,Rags to Riches
1888,Good Day
1889,DICKS FROM MARS
1890,the Joynt
1891,DJB Brewhaus Special
1892,Mathanifo Script_dafont
1893,Those_Days
1894,HolyScriptacular
1895,AmazingBasic
1896,Dr Eve L
1897,DigitalLove
1898,Solve
1899,BarterwithaGypsy-Thin
1900,Joshua Senapelo The Font
1901,Thin king
1902,Chloe s handwriting
1903,Kohicle25
1904,koly-Handwriting
1905,Queen of today
1906,ZakirahsHand
1907,Baxter and Layla
1908,zama Black
1909,ErikSans
1910,Malaya
1911,MessyPup-1
1912,pops_08_BOLD
1913,SB
1914,MIXTMK_T
1915,le_Grand_Saut
1916,Alexisv2
1917,ChildsWish
1918,Osulent Signature
1919,Anteater
1920,creative chalk
1921,Barely_Handwritten
1922,My First Crush Thin
1923,Ellianarelle s Path
1924,BurstMyBubbleItalic
1925,Creepy Circus
1926,PRIMAHANDWRITE
1927,BSTTRIAL
1928,StrikeAPose
1929,OrenScript
1930,buttons3di
1931,Loveland Personal Use
1932,footfight
1933,mulder_hw
1934,HaloweenIsBackYeahhhh
1935,imsogay
1936,Alexs_Writing
1937,September Five Personal Use
1938,Gabo4
1939,The Lovers
1940,Iwfxv03
1941,Palafotz
1942,PrincessDaisy
1943,Martyn Demo
1944,Once Upon A Dream
1945,mommy
1946,Bees Burts
1947,Standard Nib Handwritten
1948,Tom_Kaulitz_Handwriting_Font_by_Shaiza7
1949,Dribble
1950,Sun & Rain
1951,ShimesOne_PERSONAL
1952,Drop Stay
1953,SF Scribbled Sans SC Bold Italic
1954,Beyond Blackboard
1955,Aspades-Regular
1956,SpongeMeetsVanilla
1957,Bucharest comercial use
1958,Ginjah Ninjah
1959,Alphabet Soup
1960,GiftCards
1961,JaniceHandBold
1962,PWScriptease
1963,EVIE S HAND
1964,HumanNature
1965,Lamiar_Bold
1966,FrostyWinter
1967,TalkingLouder
1968,Voronov
1969,AManoBlaxtendida
1970,CruelSummer 
1971,JH2TRIAL
1972,jersey_stories!
1973,elegant
1974,VadimsWriting
1975,just be a queen
1976,HM_Jaymse
1977,My First Crush Hollow
1978,LottesHandwriting
1979,Geovana
1980,AnnieUseYourTelescope
1981,OrangeBlossoms
1982,HelsinkiFree
1983,KiyomiFont
1984,SpringtimeV2
1985,IMissedYou
1986,BillionMillionIWish
1987,Together again
1988,Marshmallows and Chocolate - TTF
1989,AaronMarker
1990,CRAE
1991,ShookenDemo
1992,Desert Queen Personal Use
1993,Paradiso Vintage Demo
1994,My Childish Font
1995,southpaw-webfont
1996,CMonkeeBold
1997,Christina Allie
1998,QuicklyCaps
1999,bloom
2000,BlockItOut
2001,Double N
2002,NipCens Handwriting Bold
2003,Tye-Dye Jerky
2004,LittleRoxyGem
2005,Running for a cause
2006,Britson
2007,Proper Lady
2008,Winter in January - TTF
2009,kittyspoon
2010,Miss_Diikae__s_Handwriting___by_Diikae
2011,IAmTheCrayonMaster
2012,Lost and Found
2013,Portland
2014,lazy writer
2015,AnniesFontwithFaces
2016,CuteAsAButton
2017,CandyDelish
2018,Handwritten_Nat29_Font
2019,HelloHotcakes
2020,Bad Unicorn DEMO
2021,Back from the Dead
2022,Sunshiny Italic
2023,Bold Curse
2024,JustifyMyLove
2025,KomixCon-Bold Italic
2026,CFSecondSonPERSONAL-Regular
2027,CFRiseofNations
2028,NipCens Handwriting Outline
2029,ThatsWhatHeSaid
2030,Johnson_Script
2031,MTF Donna
2032,SwaggerLight
2033,PaperBow-Demo
2034,cheyenneb
2035,Repivmanusc
2036,cuddlebugs bug
2037,Lefty-Monster
2038,LilSpider
2039,BurstMyBubbleBold
2040,Maudlyn Demo
2041,BreNoelle
2042,castillo
2043,GatewayDrug
2044,I Wanna Be Your Dog
2045,hapole_marker
2046,MTF Katrina
2047,fanandiaade
2048,KBPinkLipgloss
2049,LetsGo
2050,AckiPreschool
2051,School_Work
2052,JW Script
2053,dbe-rigel
2054,ComicJans
2055,CMC
2056,TragicKingdom
2057,Julliscriptum-Reloaded
2058,handmedo
2059,Willis
2060,Sams handwriting
2061,fuchsiabuddha
2062,I_NEED_HELP
2063,paperdaisy-demo
2064,DJB Danielle
2065,whatever it takes bold
2066,McKenna Light
2067,blzee
2068,ShatteredPrint
2069,Biro_Script_reduced
2070,stephanieee
2071,Husband of the Millennium
2072,WaitingfortheSunrise
2073,Molluca free
2074,mallorymaloneyshandwriting
2075,My_Unprofessional_Handwriting
2076,ChinalBold_PERSONAL_USE
2077,Elo Hand
2078,Alone Strand
2079,Kasuki Hand Light
2080,Rodi de Asis
2081,Glingzerminator
2082,HAVLA___
2083,Nevermind
2084,Tadworth
2085,Josef Xuereb s Friends - Bold
2086,WilliamsHand
2087,CONTENG MARKER
2088,JoseFernandez
2089,Dear Jane
2090,MarsLovesVenus
2091,LavosHandy_99
2092,fredo_manuscrite
2093,Shockers
2094,BinetruyScript
2095,indie queen
2096,valerie
2097,FlavoredCrayons
2098,SkyblueClues
2099,IndieFlower
2100,Olivia
2101,WSCallMe
2102,North City
2103,Vntfap01
2104,CoralCastles
2105,Nonciclopedia_By_Sabaku_grande
2106,CrackedMyTooth
2107,DuntonWriting
2108,Oohlalalulucurvy
2109,Jannafont
2110,Sanctuary Playground
2111,jd_teresa
2112,wickhop-handwriting
2113,Guapos
2114,PWSignaturetwo
2115,apa
2116,Nebbulla
2117,DJB How Cute Am I
2118,HM_hamelton_hand
2119,Lightening Free Font
2120,SchoolFont
2121,FreshCandy
2122,DJB Color Me Chic
2123,Cutie Patootie Hollow
2124,SF Scribbled Sans SC Italic
2125,Stay Rad - Demo
2126,DJB Coffee Shoppe Espresso
2127,MelinaHand
2128,Samantha
2129,S_Hand
2130,OrdinaryArtichoke
2131,Homeboys
2132,PraduhhTheGreat
2133,BarterwithaGypsy-Bold
2134,HandWri2
2135,Girly
2136,Jonny Mack
2137,Jean Jingga - TTF
2138,Yasnas_Hand
2139,QUESTIONS
2140,AnnaHand
2141,KBSoThinterestingBold
2142,Amplas - 1
2143,CuttyFruty
2144,ClairesHand
2145,BrandonsHandwriting
2146,MegaCherryV1
2147,LibbyHand
2148,beshiny demo
2149,GAEL427
2150,SunnyDaysInLa
2151,mangui-type
2152,Meli Brush
2153,ThatPaper
2154,cinnamon cake
2155,Daisies
2156,Robinhood
2157,OPM
2158,EigthGrade
2159,The Hundred king
2160,KristasFont
2161,BananasInPajamas
2162,GelPen
2163,DJB Poppyseed
2164,sweetness
2165,Pink kangaroo
2166,Moon Flower
2167,The Betty Font
2168,Dark Was The Night
2169,Epic Ride
2170,Sweet November
2171,Bacon Kingdom
2172,White-Apparel
2173,SharkintheWaterBold
2174,Alyssa_Kayla
2175,LivelaughLove
2176,RubicanDemo
2177,Tosca Beauty Demo
2178,"LUCY-LU, TOO"
2179,InterconnectedDemo-Regular
2180,franciie
2181,Write Righ
2182,chai
2183,Sunshine Smiles Italic
2184,BestFontEvar
2185,ThinFont
2186,Apparitions
2187,Taylor Swift Handwriting
2188,Yesterday Again
2189,DuntonSophisticated
2190,Love & Trust
2191,AJCoolBeans
2192,elegant_ink
2193,Vtks Vacancy
2194,Skytree one
2195,Josef Xuereb s Friends - Italic
2196,MTF Mikayla
2197,Cheese Cake)
2198,April
2199,Audhistine
2200,JustTheWayYouAre
2201,YardenTawns
2202,SamanthaForPersonalUse
2203,Regi
2204,6th-Aniversario_demo-font-FFP
2205,Flyknit
2206,Svampens Handwriting
2207,GiveMeBackTheNights
2208,Sweetie Love
2209,Old Towne Vermont
2210,It is Definitely Possible - TTF
2211,dinojp__
2212,HastyGrass_VL
2213,Lush
2214,Amanda Brodzinski font
2215,Moolrys Demo
2216,lieveletters
2217,Allura_Script
2218,KGMercyInTheMorning
2219,Nathaniel
2220,michelle lazy hand
2221,Passionate
2222,thebestofmylovesemibold
2223,Menulist Beauty - PERSONAL USE
2224,Bentosa
2225,Romtthing Free
2226,Allamanda (Demo)
2227,kkontagion print - Bold Italic
2228,BibsFirstHandwrite
2229,Tickets to Elton John
2230,Hickory Jack Light
2231,TanvisHand3
2232,DJB A Bit of Flaire
2233,Yelly
2234,ToubibDemo-Medium
2235,Wedding Chardonnay
2236,mom
2237,Gloriant
2238,MA Sexy
2239,timtastic!
2240,chunkyness
2241,Carte Postale bold
2242,RiseStarHandRegular
2243,Alphabetized Cassette Tapes Thin
2244,FromMomsHand
2245,JeboyFree
2246,MTF Melissa
2247,GhettoMagnetic
2248,CAPUT_TRIAL
2249,Julliscriptum2
2250,JMMJ
2251,LilEgypt
2252,Silent Reaction
2253,DJB Pinky Swear
2254,ligera rouden Italic
2255,this font is not a typeface
2256,FlypflopPersonalUse
2257,JeansFont
2258,TakeMeAwayBabe
2259,Maya_s_Script
2260,Fontie
2261,MTF Evas Hand
2262,KGAsTheDeer
2263,Hanabi
2264,Better Together Spaced
2265,Enduratize
2266,TunaMelt
2267,Tioem-Handwritten
2268,Halbrein
2269,Summer Love
2270,PWMarker
2271,girlie
2272,NataliesFont
2273,lauwrites
2274,Veila
2275,Scrages handwrite
2276,Fancy Nancy
2277,So Long My Dear
2278,Cedarville Pnkfun 1 Print
2279,metafors-Regular
2280,Julialicious
2281,Saras_Font_1
2282,Alex Handwriting
2283,MRF- fields of wildflowers
2284,AmericanYouth
2285,Didno
2286,AmazHand_First_Alt
2287,DrunkSharpieThin
2288,Therebemonsters
2289,Alright_Scrapbooky
2290,For Girls Only
2291,Le French
2292,ShatteredPrintBold
2293,Minneapolis
2294,Jenn font
2295,LiersonMattenhauer
2296,MegsHand
2297,26-41cfe
2298,Salamander
2299,ziva
2300,Better Together Condensed
2301,AJPutMeFirst
2302,CURJTRIAL
2303,WeekendSummerFun
2304,Butty
2305,Avocados
2306,tootight
2307,easymorning-Regular
2308,Arkley
2309,amyshandwriting
2310,PWBrushScript
2311,HandWork
2312,JB
2313,STOPplease
2314,Messy_Ben
2315,Ecuador
2316,Rapid Inks
2317,AntipirinaHandscript
2318,Luna
2319,SneakerCollector
2320,CitrusGrapefruit
2321,ziaHW
2322,Notera_PersonalUseOnly
2323,swwell
2324,FirstFont
2325,Quirking
2326,Ecriture
2327,AmazHand_First_Alt_X
2328,Not Really
2329,comesinhandy
2330,Ships In The Night (Bold)
2331,XtreemMedium_PERSONAL_USE
2332,Paper Plane Light
2333,ARACNE_regular_italic
2334,frightnight
2335,Coquerli-Regular
2336,Rocky Creek
2337,i-snailmail
2338,Sylviaanne
2339,BlackMambaDg
2340,Cylla
2341,BKappa93
2342,BASTILLE
2343,hellogiraffe
2344,KBReallyDnealie
2345,NOELAN_1
2346,DJB SUGAR SHOCK
2347,DJB Annalise the Brave
2348,velocity_demo
2349,GammaJays
2350,RainbowDashhh
2351,rayairregular
2352,Aries
2353,Quickline
2354,ARACNE_light_italic
2355,CARO
2356,NotebookScribble
2357,bkobiii
2358,penis
2359,Take It Or Leave It Serif
2360,Herzogscript
2361,AmazingSunshine
2362,SaladeDeFruitsOrange
2363,JessaPrint
2364,DK Kusukusu
2365,Pinky Promise
2366,michomuchomacho
2367,HannaHandwriting
2368,BabyDoll
2369,rabiohead
2370,Jatzio alpha
2371,maya
2372,Antique demo
2373,Beehives Are Sticky
2374,Kids-Regular
2375,SydneysHand
2376,expressions of the soul
2377,toilet_tag
2378,KSAFONT
2379,daniel
2380,DrawFont
2381,EneasExpanded Bold_
2382,GiottoHandwriting
2383,DJB Constance Beauregard
2384,ThisSux
2385,SamT
2386,SmokingPistols
2387,belta-regular
2388,GoodNeighbor
2389,SF Scribbled Sans Bold Italic
2390,amuninokia
2391,TexasToast
2392,WalkonFire
2393,CLRD bastard
2394,KBMisoSoup
2395,KimmiesHand
2396,Complete in Him
2397,KBCallMe
2398,ReasonableSpeculation
2399,DJB Almost Perfect
2400,Sparkly Lights
2401,Vtks Felicidade 2016
2402,Handwritten_Crystal_v2
2403,PWManuelfree
2404,For Her
2405,Always Forever Bold
2406,Glathen Girl
2407,MomsFontYOFF
2408,ScriptSheep
2409,ShelbyCursive
2410,NewUnderground
2411,KGWhenOceansRise
2412,Akeylah__s_Handwriting
2413,Sun Valley - Demo
2414,Kid Marker
2415,I am Seventeen
2416,Senyum
2417,cursi extra tfb hollow
2418,Danko skript
2419,thommy_handwrite
2420,Teenishly beautiful
2421,Honey Butter
2422,Kiddo-soup-bold
2423,thebestofmylovebold
2424,maxine
2425,GodsMonsters
2426,BeautifulEveryTime
2427,Asbah
2428,Italo_Regular
2429,Hand of Henry
2430,Chimichanga
2431,Strawberry Muffins Demo
2432,Marleen Script Normal reduced
2433,Albret
2434,Your Star - TTF
2435,Our_first_kiss
2436,Ready For It DEMO
2437,KatetheGreat
2438,HelloPicasso
2439,Sunshine Smiles
2440,EastHand Font
2441,Billy_Milly
2442,handzpyd-demo
2443,Moon Flower Bold
2444,toms handwritten new
2445,Berallya
2446,Nathan s Notations
2447,ShellaheraScriptDemo
2448,Sugar Lite
2449,JosschriftBold
2450,SkitserMarker
2451,Mywriting
2452,xii
2453,Oakhill
2454,clairehandregular-webfont
2455,JackAttack
2456,Biloxi Script
2457,ks_hand
2458,The Francesca Font
2459,MTF Rhesa
2460,Kylets Demo
2461,Camellia
2462,LittleFlyingSpiders
2463,Bad_Handwriting
2464,BabooInSpace
2465,Lawson
2466,Sweet Carissa Personal Use
2467,MichaelFont
2468,GlazedHoneyBuns
2469,Badriyah Two
2470,yafont
2471,Coire
2472,HelloCartoon
2473,PizzaAndBreadsticks
2474,SunnySpring
2475,KGDropsofJupiter
2476,hanshand
2477,CD Writing
2478,friends-DEMO
2479,Halogen
2480,radz
2481,Lemons Can Fly
2482,KBQuietStories
2483,kiddy
2484,Chat Moss
2485,TigerDreams
2486,Jenn Bee
2487,DJB Lemon Head Bold
2488,Signerica_Medium
2489,Psalm71
2490,Distillated
2491,Groceries
2492,RQSThinnyandThicky
2493,Libertinas-co_font-FFP-
2494,MARI&DAVID EXTRABOLD
2495,Vtks Lounge Set
2496,AniLazyDay
2497,GelPenUprightLight
2498,TanpaKata-Regular
2499,dcap font
2500,Mad Stick Brush
2501,KGDomoIsMyFAVORITE
2502,Alphabetized Cassette Tapes Classic
2503,Paper Plane
2504,Notera2Black_PERSONAL
2505,PWFluidhand
2506,asphyxiate
2507,kitType
2508,Viriginia Sky
2509,Ibarra
2510,marie
2511,Squid
2512,vanilla twilight
2513,AlphaMacAOE
2514,Oei
2515,Flovio
2516,Slevdog 2
2517,bad_handwriting
2518,Sandy-Sandy
2519,Nerdy Norms
2520,morning
2521,Josef Xuereb s Friends - Regular
2522,Leah_Writes
2523,NermolaScript-Regular
2524,festus!
2525,Nice Written
2526,ZakirahsHandB
2527,Electronica
2528,Lost
2529,VTC JoeleneHand Bold
2530,LittleGreenApples
2531,SignMeTarnias
2532,Wonderfully_Wandering
2533,Oxlade Demo
2534,kksxysra
2535,shiprezotto
2536,Cassini
2537,JJWEB-1
2538,Coquin
2539,JulyFireworks
2540,Tickle Me Elmo
2541,DoodlesOfFun
2542,RapidSloths
2543,ampersand
2544,Child_Serial_Killer
2545,Emileedigital
2546,Light of the World
2547,Pavfont
2548,!PaulmaulLongs
2549,ELISE
2550,vavont
2551,IndustrialDesign
2552,handcrafted_maddy
2553,scribb
2554,Rush minute
2555,spacecow
2556,DPStick
2557,Shailene_Marks
2558,KourtneysMustache
2559,LoveMeForever
2560,ColesFont
2561,romzul sans
2562,Purplelace
2563,gurrrrl
2564,ideasAndApps
2565,TimKid
2566,DeJarnatt
2567,Denne s Old Handwriting
2568,MOANHAND
2569,ZuleScript
2570,SecondLyrics
2571,Anne - Another
2572,Scrawl
2573,chocolate_hippo
2574,KGTenThousandReasons
2575,WhatDoWeDoAllDay
2576,Notepaper Airplanes Light
2577,Fresh Cream
2578,SimplyLin
2579,biasans
2580,ShelbyPrint
2581,Cutesy Kisses
2582,Italo_Light
2583,MixCD
2584,LyricsMovement
2585,CoralSkittles
2586,Mf Quirky & Messy
2587,anomalias
2588,garden fresh tomatoes
2589,SharonLipshutzHandwritingBold
2590,Naive
2591,Canadian Penguin
2592,KomixCon
2593,SharonHandwriting
2594,Owen_Hand
2595,Rocket Clouds
2596,BeautifulDay
2597,Kakara Demo Version
2598,Hardwired Script Free
2599,edito mi hijo
2600,LeGouter
2601,Lsmimrdr
2602,Yana
2603,ursula-handschrift-beta-02
2604,TwerkingNasty
2605,Mf Air Balloon
2606,kylie s hand
2607,MCG
2608,Gaellefine
2609,Lydia
2610,Lamiar_Light
2611,Moody_Boys
2612,red velvet
2613,AManoRegulold
2614,Mr_Marcoozie_MEDIUM
2615,hand_of_cre
2616,Boziene
2617,KGSatisfiedScriptAlt
2618,ARACNE_regular
2619,kosalsayshy
2620,h6
2621,Amarula Personal Use
2622,Fowler
2623,OhMaria Italic
2624,Ute-Regular
2625,KristalyPersonalUse
2626,SunshineBlues
2627,JasonSharpie
2628,Fil3
2629,our lil secret forever
2630,My Oh My - TTF
2631,Bryonys_Handwriting_Thin
2632,KirbysDreamland
2633,HarlemsPlayground
2634,Just Gotta Smile
2635,IYSVintageDresses
2636,inkyflutterby
2637,inkpen_scribble
2638,Sweet Hipster
2639,Kriekl
2640,FerrisWheelFun
2641,Crystal Personal Use
2642,SweetHoney
2643,Sunshiny
2644,zai_WackyBruce
2645,MixNarrow
2646,Harmony
2647,newfrench
2648,Long Loving Letters
2649,KGHowManyTimes
2650,OhMaria Shadow Italic
2651,KGFallForYou
2652,Joanna__s_handwriting
2653,Cardenio Modern Std
2654,GraniteLetter-Regular
2655,On_a_Run
2656,Uno
2657,DK Crayonista
2658,McEnneking
2659,rabbitmoon
2660,daddysgirl
2661,My Happy Ending - TTF
2662,DocallismeHAS 2015
2663,random type
2664,Follow Your Dreams
2665,Autumn Moon - TTF
2666,Rassain Demo
2667,missionpossible
2668,Druchilla
2669,JIT
2670,Walfords
2671,INKY_R_T
2672,Zehks_Handwriting
2673,FP_second_hand
2674,IYSJokeWeMade
2675,TeaParty
2676,merrichrisb
2677,JLEE
2678,Flunkie
2679,Sassy Molassy
2680,Cookies
2681,Rose Colored
2682,Denishandwritting
2683,Rasendrya
2684,ThinkPlan
2685,culita
2686,Chouchou
2687,The Happy Giraffe Demo
2688,CjFont1
2689,Slainte Script Demo
2690,Purple_Arya
2691,Sunny Spring Day - TTF
2692,HelloBasic
2693,spijker08 bold
2694,Banggar Signature Font - TTF Dafont
2695,lemon squeezy 
2696,pree-school
2697,Chippy Handwriting
2698,Mf Really Awesome
2699,The Grateful 1
2700,ExtraFineScript2
2701,Jesse 5
2702,quaderno_bianco_regular
2703,Sangkalaen
2704,Glenns Hand
2705,OutOfSpace
2706,Light up the World with accented characters
2707,ThumperThursday
2708,InterconnectedDemo-Light
2709,White Bear Lake
2710,unileft
2711,elle ami
2712,SC Gretchin And Timmy
2713,KBMommyDearest
2714,NightWindSentSample
2715,ShaunHand
2716,Cat_s_Awesomely_Awesome_Font
2717,K26ChicoryBean
2718,morado felt
2719,Delinquence
2720,apple cider daydreams
2721,PWFine
2722,SweetBabe
2723,AmeliaLilyKT
2724,OPN T Complana Z
2725,bella k a better place
2726,penoftruth
2727,big_river_sample
2728,JJWEB2
2729,Monica Galaxy
2730,!PaulMaul
2731,KBWritersBlock
2732,Biscuits
2733,StormysFont
2734,KBLOVEITDOWN
2735,Brianne_s_hand
2736,LettreClassique
2737,Burston
2738,DJB Messy Amanda Goes Bold
2739,Sahara__s_handwriting__D_by_SaharaKnoblauch
2740,Humayra
2741,madison
2742,GiftExchange
2743,MouseHandwriting
2744,Amarilis-ScriptFont
2745,PWScript09
2746,SF Grunge Sans SC
2747,ChampagneSippin
2748,Skinny Dipping
2749,DJB The Font that is Liz
2750,Bellievia Script
2751,Idana Luisa free
2752,SharkintheWater
2753,Street Dreams
2754,Casual Friday
2755,Diogenes
2756,ForeverYours
2757,bella k a better place alts
2758,Mooglonk
2759,Higher
2760,wisteria
2761,A Perfect Place - TTF
2762,SandersScribble
2763,Cedarville PnkFun 1 Cursive
2764,DJB Heart of Dixi
2765,Art_Martinez_LH
2766,The Constellation of Heracles
2767,Chocolate Covered Raindrops Hollow
2768,Roullet Demo Font
2769,sayyidati-demo
2770,Smartryck
2771,Nicotine Love
2772,WilliamsHandNeat
2773,Soul Amsterdams Reguler
2774,Subsky-demo version
2775,Skwirl
2776,DJB Uncertain Tense
2777,BritishRoyalty
2778,SloppyDragon_VL
2779,"In your face, joffrey!"
2780,Macady-Regular
2781,Swagmasta
2782,Basically Yes - TTF
2783,Binx
2784,Flower Powers
2785,PHR_Scrypt_II
2786,Isabelle
2787,Kellyn_Hand
2788,Jenifa-free
2789,uglyhandwriting
2790,Post_Note
2791,SarahScript
2792,Mighty River - Demo
2793,Writing_You_A_Letter_update
2794,typischvoornu2014
2795,malcolms_handwriting
2796,CharmeleonRed
2797,NekoKoNeko
2798,Poems & Pens Bold Italic
2799,INKY_S_T
2800,Fuzzy
2801,Bo Chen Font
2802,Celine_Dion_Handwriting
2803,MTF Mikayla Print
2804,Bean Beany
2805,CollectionOfJays
2806,adelline personal use only
2807,KGRiseUP
2808,KaoriGel
2809,calligrafia sara
2810,Enjoy
2811,Clara_Lee_Cursive
2812,WhisperADream
2813,NATURAL WRITING
2814,K26LilacMist
2815,DJB THIS MOMENT
2816,kevinwildfont
2817,Chase-3
2818,Janepix_Hand
2819,Kharu
2820,clive
2821,CuteHandWriting
2822,helveti
2823,dustinhofont_beta
2824,HeinWriting
2825,MaiLinh
2826,KnewItAll
2827,Happy Ending
2828,Zack and Sarah
2829,PrincessAllie
2830,Doodles
2831,WHATEVER_by_Luciana_Morin
2832,advertisingphilfont-1
2833,FiftyHours
2834,LargeFont
2835,Good Karma demo
2836,Simply Delicious Font 3
2837,Quick note
2838,katyfont
2839,ProximaFour
2840,NikoFont
2841,WhatchuThinkBabe
2842,San Remo
2843,DamagrafikScript-Regular
2844,F_ck Beans Bold Italic
2845,GrutchLine
2846,ArchitectsDaughter
2847,CFJackStory-Regular
2848,ugran
2849,Jennifer Lynne
2850,Muspi Merol Thgil
2851,AniLindley
2852,Oneer
2853,ChocolateIcing
2854,Naomi
2855,Cardenio Modern Bold
2856,Zaheera-demo
2857,HelloSansaNorth
2858,JustWriteDT
2859,FelipeScriptFont-Regular
2860,LovelexieHandwritten
2861,BFStencil
2862,ShatteredPrintItalic
2863,StampedEnvelopes
2864,SelenasHandwriting
2865,andyallshort
2866,SugarHoneyIcedTea
2867,EkologieHand_PERSONAL_USE_ONLY
2868,Special Touch - Demo
2869,BlackHair
2870,PastelSwooshin
2871,BRANDEEZFONTV2
2872,Denne s Summer
2873,Chasing Stars - TTF
2874,angelib
2875,PikaPika
2876,Caitanya font
2877,AmazHand_First_Hard
2878,Easy November
2879,realme
2880,HUMBLE(FREE FOR PERSONAL)
2881,bunk beds and slumber parties
2882,DJ2TRIAL
2883,QuickRodeo
2884,Lewis hand semibold
2885,TurtleWishes
2886,Pineapplez
2887,CMonkeeRegular
2888,Beautifulflaws
2889,LoveSweets
2890,Rolina
2891,Karma cycle
2892,benbrown-demo
2893,Bynda Demo
2894,DJB Fresh Start
2895,TakeItEasy
2896,Schreibii
2897,LittleMuffins
2898,Humble Beginnings EDIT
2899,HolidaysAreComing
2900,SmileLibreDemoVersionA-Regular
2901,Indy Women
2902,OhMaria
2903,alittlepot
2904,Kranne
2905,kater potater
2906,August Script Bold Free
2907,blackjacketboys-ThinItalic
2908,KBKinderWriteBold
2909,Einfach by Cindyyo
2910,Arthard Demo
2911,spaghetti straps
2912,Natyl Demo
2913,gaellefont403
2914,Sweet Home Oklahoma
2915,Vtks-Zamioyn4
2916,NatalisNonsense
2917,Once Upon A Dream Bold
2918,Everything You Want - TTF
2919,DJB Smarty Pants
2920,Agustina Demo
2921,Love You Heaps
2922,Sofiebestin Script_Demo
2923,Darbog gradient italic
2924,Winflo Demo
2925,Lazy Spring Day - TTF
2926,Ali_Air
2927,AbigailScriptDemo-Regular
2928,MTF Jude
2929,DJB Annalise the Bold
2930,Doodle_Head
2931,RIFFC8310
2932,allthingsTone
2933,LiteHand
2934,Strong Hand Caps
2935,Street Magic - Demo
2936,buttonsli
2937,CFCantChangeTheWorld-Regula
2938,Jack Ripper Hand
2939,Susquehanna
2940,StrawberryCocktail-Regular
2941,ALASKA Coffee
2942,CurlyLetters
2943,Boardgamers
2944,Light at the end
2945,Scribble_Scrabble
2946,KGJuneBugReverse
2947,frenchy
2948,DJB This Is My Life
2949,Simple Signature - TTF
2950,akbar
2951,PrinsesstartaBoldDEMO
2952,Tethanda
2953,gapstown-r
2954,Wild Show
2955,MRF quirky and authentic hand font demo
2956,20 cents marker
2957,Ladybug Love - TTF
2958,LaFamilia
2959,The_Left-Handed_-_Regular
2960,laila ali
2961,BigHonk handwriting
2962,Designer-Notes-Bold
2963,charanga
2964,daddy2
2965,KonstytucjaPolska
2966,MoguFont
2967,Note this
2968,JuliaVintage
2969,HakunaMatata
2970,JennaSue
2971,Sneaksfood
2972,DJB LENA
2973,nazeefa-demo
2974,TimeFliesWhenInParis
2975,MRF FreckledLemonade Demo
2976,TX_Timesquare
2977,MiaHand
2978,DJB CASSANDRA
2979,Wind Blows
2980,Caballar
2981,MBurnette
2982,Ken Weigand
2983,wicked_child
2984,B-de-bonita
2985,Astrid
2986,EffeNewVersion
2987,HelloRaleigh
2988,Architects Pen
2989,Lighthouse
2990,lazy quote demo
2991,JamesJeans
2992,Sophie
2993,Hammer
2994,Heart To Heart
2995,blackjacketboys-Thin
2996,Alywriting
2997,BIO_HAND_CRE
2998,KGLoveYouThroughIt3
2999,PR8 Charade
3000,blackjacketboys-Regular
3001,Nohubotiempo
3002,cheeseusauceu
3003,black jack
3004,Up in _ Air
3005,the standing still demo
3006,StormysFontNarrow
3007,SecretSlob
3008,Italo_Light-Italic
3009,MTF Dreamie
3010,trav2
3011,Austie Bost Lifted Up
3012,amanda
3013,Wina
3014,valefont
3015,LIGHTWEIGHT SERIF
3016,CelebrationTime
3017,de Manu 1  MediumItalic
3018,script soft normal
3019,NinjysHandWriting_regular
3020,DJB Writes a Lot
3021,BN FontBoy
3022,Bite _ Bullet
3023,HelloRecess
3024,To The Point
3025,Conrad-Regular
3026,Rurichii
3027,Askeses
3028,OvertheRainbow
3029,KGJuneBug
3030,Drew Hand 1
3031,Dylan
3032,Almairah 03
3033,DazzlingDivas
3034,LabMol
3035,Kyne Morgan
3036,happynewyear
3037,le_dantes_super_special_font
3038,SoozieQs
3039,Reading Regular
3040,inkworms
3041,de Manu 1 Medium
3042,Darbog bold italic
3043,raustila-Regular
3044,Janitor
3045,NedsWriting
3046,Times Mene Roman
3047,elizajane
3048,Rocchy__s_handwriting
3049,Rotulona-Hand-FFP-font
3050,LetsFly
3051,AllensMess
3052,gapstown-b
3053,wassup
3054,TomasMassu
3055,DJB SLOPPYJO
3056,Pashiz
3057,Kasuki Hand Normal
3058,Miog
3059,Treat Yo Self
3060,ARACNE-CONDENSED_light
3061,Al dente
3062,Crappy Font
3063,RVn_Font_of_Doom_1
3064,Joy Like Sunshine Through My Windowpane
3065,HappyHand
3066,skolateka bold
3067,Bullstander Free Font
3068,Longhair
3069,Capitol Chase
3070,syera inline
3071,DJB My Mood Ring Says Blah
3072,QJae
3073,PrincesseMuffin
3074,Sherbert
3075,AnakAnak
3076,signarita_louisse_light
3077,Lobsters Blush Bold free
3078,BreakfastAndChillDEMO
3079,Barokah
3080,January Handwriting - TTF
3081,AudreysScribbles
3082,LaureneScriptFont
3083,KaesHandwriting
3084,Teddy Bear
3085,phandbv2
3086,Sandbox Melodrama
3087,DXTA_TRIAL
3088,Barthilda
3089,OwnThatShhhh
3090,Aszami
3091,Swanky and Moo Moo
3092,TheDefintionofTabulous
3093,SaturdayChampagneDemo-Regular
3094,India
3095,Queenesia
3096,lovemoi
3097,CoveredByYourGrace
3098,ElectricCircus
3099,The_Dark_Jackal
3100,Madison
3101,kdizzle
3102,Same_Mistake - Kopie
3103,GelPenUpright
3104,Spaced Out
3105,Dos campos Blod
3106,ShadowsIntoLight
3107,RobertsFont
3108,Lovinn
3109,dwerneck
3110,HZHandwrite
3111,TheGreatEscapeBold
3112,AdamsFont
3113,morado sharp
3114,Because He Lives
3115,CharleesInAHurry
3116,HsfSkinnyTowers
3117,najwa
3118,Sweet Cupcake alt demo
3119,GROmagnon
3120,DeliciousYellow-PersonalUse
3121,Foxes In Love
3122,OTTTRIAL
3123,Cataclysmic
3124,Pahan Puuskahdus
3125,Swagger
3126,Jeff Kovalsky
3127,MTF akhn
3128,Peyoriregular
3129,Too Freakin Cute Demo
3130,MarleyandMe
3131,KRIIPS
3132,nopra
3133,oLiHaNd
3134,Rat Scratch Tall
3135,bellada personal license
3136,trendsetter-Regular
3137,PizzaismyFAVORITE
3138,POP!
3139,HipstersNight
3140,Sunny Winter
3141,Lovehearts XYZ Italic
3142,Angelina Script
3143,monkeys and bananas
3144,Bazgroly_b
3145,CapitalState
3146,HelloMaddox
3147,YoursTruly
3148,UglyKids-ThinItalic
3149,BEERNOTE trial
3150,Manuscripta
3151,alfa deta demo
3152,SF Scribbled Sans SC Bold
3153,Blueberry
3154,KGSevenSixteen
3155,Blueberry Oatmeal Regular
3156,DontLookBack
3157,Honeymoon Personal Use
3158,miriam
3159,Product_Design
3160,HUMAN
3161,loremipsum
3162,DJB Sissy
3163,Neto
3164,Sweetly Broken
3165,Behind Violet Eyes - TTF
3166,Handwriting
3167,DJB Snarky Bess
3168,SlipstreamSweetheart
3169,CFSimeonMarchessault-Regula
3170,DJB Straight Up Now
3171,SIBERIAN PERSONAL USE
3172,JessicaPrint
3173,ScrawlyWawly
3174,Azurite-2
3175,Scotosaurus
3176,CuteTumblrFont
3177,ARACNE-ULTRA-CONDENSED_regular_italic
3178,KBHabitsCanBeBroken
3179,HelloIsh
3180,soposh
3181,Rhesmanisa Demo
3182,AnotherSunday
3183,Justy3_b
3184,SWEETY TEA
3185,Laurels
3186,CMonkeeLight
3187,Blank Eye
3188,Writing_Stuff
3189,Pudding
3190,Millano
3191,CJOETRIAL
3192,Oh My Gouache!
3193,LittleBlueJay
3194,JustKidding
3195,Lydeke_Handwrithing
3196,JMillmanuscript
3197,PWSkriptt
3198,Jellyka_Estrya_Handwriting
3199,Digory_Doodles_PS
3200,Harveyfont_1
3201,Veggie Seedlings
3202,KGYouWontBringMeDownBold
3203,Indie_SummerBold
3204,PrettyGirl
3205,EventShark
3206,handmeds
3207,UglyKids-Thin
3208,SouthBeaches9
3209,JaspersHandwriting-Regular
3210,Skydancer Demo
3211,Elmo
3212,JustBecause-PersonalUse
3213,ClaireHandBold
3214,TangerineMangos
3215,DJB Pookie Doo
3216,Ribbons in the wind PERSONAL USE
3217,fonte_Kaus
3218,Just Alice Demo
3219,Cloudheads
3220,Ladybugletters
3221,TippyToes Skinny
3222,Refuse to bow down
3223,Sebastian_Font
3224,KGTheFighter
3225,AirMax90
3226,SharonLipshutzHandwritingItalic
3227,PWSimpleHandwriting
3228,Firefly
3229,Alagunna
3230,fattypants
3231,Alexsandra Demo
3232,CleanSimpleDT
3233,Cashew Apple Ale
3234,Davi Costa (public)
3235,Faraco Hand
3236,PicasProperHand
3237,MAGNITUDE
3238,WithMyWoes
3239,Arcangelos Words
3240,LuxuryImport
3241,ExpressoCaffe
3242,Monalisa Script
3243,Aida Garmo - Small Size
3244,Bluebery Oatmeal Bold
3245,DJB BLUEPRINT
3246,AFE_Jen
3247,My Mom s Font
3248,Typee2
3249,Jolly Beggar
3250,Autograf_PersonalUseOnly
3251,FiveDozen
3252,Shipwreck
3253,Puckipsy
3254,me handwritin Bold
3255,Sweet Cupcake demo
3256,Muspi Merol Mirg
3257,HelloBradysDad
3258,ChangeOfHeart
3259,Love Is Complicated Again - TTF
3260,Relentless
3261,zama Thin
3262,jd_hands
3263,Andrew
3264,HighCastleBass
3265,kkontagion print - Italic
3266,Photographs
3267,BensHand
3268,Beep Beep
3269,PWStraight
3270,Dutchschoolwriting
3271,2016 Bugs
3272,KBInterestingZebra
3273,Tropical-Forest
3274,Denise_Handwriting
3275,Suzanna
3276,attack of the cucumbers
3277,TippyToes X-tra Bold
3278,SeanHand
3279,KGMissKindyBubble
3280,ReaganaldScript
3281,skinish
3282,_WestCoast_
3283,DJB Merry
3284,Celia Garcia
3285,KGFaithHopeAndLove
3286,Always In My Heart
3287,WSPeskimo
3288,Putumayo
3289,fivecent
3290,Magical Cord
3291,Christmas Curls
3292,Shmess-Light
3293,Distance Avero
3294,MagicPens
3295,Skylarking
3296,coffeyto
3297,dearkelly2
3298,JPfont
3299,Marker SD Italic
3300,Hyperness
3301,Ashalina Demo
3302,ShimesTwo_PERSONAL
3303,hundrighting
3304,Elektra
3305,Springtime Blues
3306,child writing
3307,KeanasSharpieFont-Regular
3308,5yearsoldfont
3309,SF Foxboro Script Extended Italic
3310,Otella
3311,LaElique
3312,artskyd
3313,Solidar Light
3314,Sweetly Broken SemiBold
3315,Elisana
3316,PWSimpleScript
3317,BigBoldandBRILLIANT
3318,PeacefulViolence
3319,Balloon Pops
3320,BLUE CHUCKS
3321,clairehandbold-webfont
3322,JOfont
3323,ayebaybay!⌐
3324,FunnyDuck
3325,Vineyard Magazines
3326,Almairah 01
3327,Blessed Assurance
3328,Caligrafica Arito
3329,buttons
3330,DJB The Generic
3331,SawasHand
3332,Saturnscript_Handwritten
3333,F_ck Beans Bold
3334,AniShoulder
3335,KGLegacyofVirtue
3336,MouseWritten
3337,SaturdayLove
3338,BarterwithaGypsy-Regular
3339,MTF Gridie
3340,Virginia Kool Font
3341,The Blue Oasis
3342,University
3343,YummyCupcakes
3344,WeLoveCuteThings
3345,FontGF
3346,WoodsScript
3347,TamalesReg_FREE_FOR_PERSONAL_USE
3348,HandCapzz
3349,LearningToTrust
3350,BrackishPond
3351,Handbag-Regular
3352,In Secret i Love You
3353,hisign
3354,JH3TRIAL
3355,SurprzeBirthday
3356,Sugar Candy
3357,SamHandwriting
3358,Party Chocolate and Soda
3359,oliver quin dafont
3360,Sun
3361,Scandilover Script
3362,Miss Issippi - TTF
3363,Mf Hey Pretty Girl
3364,Messen
3365,Skinnycookiesbold
3366,Sophia Script Free Demo
3367,coming kiddo
3368,DespainGang_Karmelle_37
3369,Josschrift
3370,Robertortiz
3371,Polri Kpk Berdamailah
3372,bluefires_sample
3373,DJB I Love Me Some Aly
3374,Kristenalwaysnotsonormal
3375,Joyful Juliana
3376,KBSeriouslyIntoHer
3377,Beatrix Signature
3378,ChildWritten-Bold
3379,GreaterSales
3380,BOGOR
3381,Denne Kitten Heels
3382,BrightHeadline
3383,MeghansFont2
3384,Hashtag
3385,Nastar
3386,dickhop
3387,KBWarmHerUp
3388,KGLoveSomebody
3389,Karbon
3390,cursi extra tfb cursive
3391,Radeshia
3392,Mauro Grossi
3393,phitradesign INK
3394,KBSubtle
3395,n_Bernard
3396,MovingOn
3397,HelloBoyfriend
3398,Jandys dua
3399,Sierra Nevada Road SC
3400,Megaink
3401,Vytorla Mix Demo
3402,Dancing Marker
3403,Nihilschiz Handwriting
3404,FromSkyler_PERSONAL_USE
3405,JustRealize
3406,Dos campos
3407,EazyDoughDT
3408,OhMaria Bold
3409,emobot
3410,Chocolate Covered Raindrops
3411,JandaQuickNote
3412,Kissy
3413,dancingpam-demo
3414,Fineliner_Script
3415,Homerun Demo
3416,FISH & BEAR
3417,Simple Cream
3418,Martin Sans font
3419,Amagh Demo
3420,School_Writing
3421,KGFirstTimeInForever
3422,NeverSayNever
3423,Black Sweet
3424,Aquila Cs
3425,thattherePaul Medium
3426,Welcome Me
3427,ArchiStud
3428,KBCameraShy
3429,WhySoSkinny
3430,Ensimmainen kevat
3431,high_strung
3432,Purplelemonade
3433,widehand
3434,Dani
3435,Urban Class
3436,finePoint
3437,Celines Hand
3438,"Tell us, Pangaia"
3439,Cristobal
3440,augie
3441,ness
3442,Kasuki Hand Bold
3443,Martian Signpost
3444,Budhayanti script
3445,McKenna
3446,Eeroom
3447,LisasFirstClass
3448,shannnn
3449,DPSora
3450,KBAnditslipsmymind
3451,MoreLetters
3452,Crumble Demo
3453,JandaRomantic
3454,MyLittleJewels
3455,High Fiber
3456,Printcess
3457,Melapalooza
3458,PlainPrint
3459,OrangeCounty
3460,Danv2b
3461,phandv2
3462,DesyMiniCakes
3463,ChristinaHandwriting
3464,sathas
3465,pandastyle_fontlab
3466,Chicken_Scratch_V1
3467,ClaireHandLight
3468,Cattalonia
3469,Limpoke Font
3470,ohhay
3471,Tribal_Play
3472,Hand of Diesel
3473,asdf
3474,Catriona
3475,mareensprint_next
3476,PWHandscript
3477,Olivia Demo
3478,KrumkakeBold
3479,Scribble Zack
3480,Antifont
3481,Elif_Sans_Herif
3482,Smudgie Crayon
3483,AnnekeLight
3484,jd_tyr
3485,Rhinoceros
3486,i eat crayons
3487,deadends
3488,Macilynn Marie
3489,jmacscrl
3490,GrahamHand
3491,album-avantquelombre
3492,RoseDiFont
3493,The Friendly Indians
3494,MARI&DAVID BOLD
3495,Quebec
3496,CloutierScript-Regular
3497,CleanStephanieee
3498,[Catalina]
3499,SF Grunge Sans Shadow
3500,MTF drgnldy
3501,Harvey
3502,Rotterdam
3503,Zokhan
3504,ChN1_Regular
3505,Hetkea Myohemmin
3506,Dutch Tulips - TTF
3507,Batty Girl
3508,K26ScribbleScrawl
3509,Lavi
3510,DrmHandwrittenThin-Regular
3511,KGHopeForACure
3512,VTC JoeleneHand Bold Italic
3513,Nicolas Rose Script
3514,DJ5CTRIAL
3515,kellilynn
3516,Sleight Of Hand
3517,ZakirahsBold
3518,Boldenstein BLACK
3519,Kelvin Print
3520,hand
3521,MyMessyHandwriting
3522,Darbog gradient bold
3523,DiscoverBeauty
3524,jackishandwriting-1
3525,ElephantHiccups
3526,MiloScript
3527,Beautiful Creatures
3528,Toms Handwriting
3529,Keen_Incisions
3530,JessHand
3531,VaNess
3532,Ambition & Ink Demo
3533,Doorknob Daydreams
3534,simplicity
3535,latian
3536,Sibs
3537,Ciao Ciao Friends
3538,Adelyne
3539,lazyday
3540,jumping jacks
3541,cookielove
3542,Signatrust
3543,JamesBlackDEMO
3544,willona love
3545,Emma signature
3546,Boyfriend
3547,Big Winks
3548,KGSmallTownSouthernGirl
3549,Queen of today Bold
3550,KetamineNightmares_2
3551,Pumped Up Kicks
3552,Lalaland
3553,Darbog gradient bold italic
3554,Mix Scribble
3555,ShadesOfBlue
3556,Simplixi Regular
3557,Mf Summertime
3558,VirginiaIsForLovers
3559,Markus-Regular
3560,LemonShower
3561,SkinnyChick
3562,bleedingwatercolor
3563,The Bouquet List - demo ver
3564,DreamCatcher
3565,Straight & Narrow
3566,RichChickSauce
3567,MyHandsareHoldingYou
3568,WonderfulPhonograph
3569,FN Blocknote Hand Regular
3570,Italo_Medium
3571,My December - TTF
3572,Scoder Hand
3573,JoannesFreehand
3574,PlainLines
3575,Laurent_HW_by_oOo_n3o_oOo
3576,Winning
3577,Redbus
3578,Handschrift
3579,Lazy Riza
3580,jette
3581,Bettrish Dafont
3582,Pastaccio
3583,Anneke
3584,KDG
3585,DJB Miss Liz
3586,ghgy
3587,Countryside Personal Use
3588,Archaic Asian Inks
3589,Bulgatti
3590,Petunia DEMO
3591,KGBeginAgain
3592,Budaphest
3593,JayneprintYOFF
3594,hellphabet
3595,BasicHand
3596,wrtty
3597,MTF Becki
3598,juliafont
3599,Uper
3600,Seattle Avenue
3601,Distinguished
3602,SavannahsFont
3603,Morsal
3604,fourHand_TRIAL
3605,vanessamarie
3606,MixLean
3607,hassina
3608,Happy Day
3609,GhettoSymphony
3610,Rafttel Script DEMO
3611,Lie to Me - TTF
3612,Aision-Regular
3613,philosophy
3614,Olster
3615,Glamour Girls Personal Use
3616,KEYLIMEDemo-Regular
3617,Larquette Typeface
3618,Notepaper Airplanes
3619,Pathas
3620,PassionTea
3621,Gaelle203Font
3622,VTC JoeleneHand Regular Italic
3623,KBSandyShorts
3624,ProfessorShroom
3625,MOQA FLOAT
3626,AnAlphaBetIsm
3627,Kiddo-soup
3628,JeNeTOublieraiJamais
3629,HelloPoolNoodle
3630,BUITENZO
3631,DJB All the Cool Chicks
3632,strangeways_regular_sample
3633,Bradleys Pen
3634,DonkeyPunch
3635,ShavedIce
3636,PomLimeade
3637,Hesster Mofet CLEAN_TRIAL
3638,boldLOUD
3639,Casual Caps
3640,Peent
3641,CorruptScript
3642,Taras_Handwriting_2
3643,mine
3644,PapaManAOE
3645,EmileeHandwriting
3646,ChristmasSeason
3647,Marker Bold
3648,Dave the Eagle
3649,Nic
3650,BeachScript-Regular
3651,Marker Palafotz_1
3652,Moonshine
3653,PWIrregular2
3654,Becca
3655,SF Foxboro Script Extended
3656,StateOfDreaming
3657,Please
3658,LemonadeStand
3659,K26LavendulaGray
3660,gaplek
3661,Peax Handwritinglight
3662,Naycila
3663,JandaEverydayCasual
3664,ChaisHand
3665,asdafdasg
3666,Crush
3667,SUPER !!
3668,dali____
3669,HenchgirlComicFont
3670,Yop_Pekabor
3671,Joshe Original
3672,adamhand
3673,TOMATOES Personal Use
3674,danila
3675,Zerocalcare Double Trouble
3676,Sierra Nevada Road
3677,Coffee with Sugar
3678,mr me too
3679,MisterSpicyDos
3680,The_Left-Handed_-_Cursiva
3681,Sigs
3682,Master Works - Demo
3683,NothingYouCouldDoBold
3684,daisy
3685,aaron
3686,RitviksHandwriting
3687,MessySmilingCactus-Regular
3688,handwriting_
3689,lovemonster
3690,UltraViolet
3691,vastorga bold
3692,jorg
3693,AmazingButnotAWESOME
3694,StrawberryTofu
3695,harry-webfont
3696,SchoolRules
3697,KBGrandeur
3698,ast285
3699,Yol loy 1
3700,Express Yourself
3701,QuicklyWrite
3702,WhoaBaby
3703,tf2professor
3704,IceCream
3705,JunesPluto
3706,Pastelyn
3707,RightyUsesLeftHand
3708,TheAngelaFont
3709,AnniesHandwriting
3710,dandelion in the spring
3711,a_neatish_font-2
3712,DJHTRIAL
3713,Densfort
3714,Mae_3
3715,LargeCrayon
3716,MaddieScript
3717,Bringshoot
3718,Give You What You Like - TTF
3719,gesimp21
3720,KGINeedAFont
3721,cursi extra tfb
3722,DinosaursAreAlive
3723,dirty_hand_of_cre
3724,Jrhand
3725,danifont
3726,Appocalypse
3727,meryjane
3728,Diamond Girl Skinny
3729,DJB Angel Baby
3730,DPBloated
3731,WildThingsZoo
3732,The London
3733,Lefty Dave
3734,Alex
3735,Mandatory
3736,MollyWolly
3737,Peax Handwritingbold
3738,Dancing in the dark
3739,F_ck Beans
3740,Vertical Brushy Free
3741,Reman
3742,LemonCreamPie
3743,ABNORMAL
3744,mywanderingheart
3745,NewArcades
3746,Seriously Delirious
3747,Hari Hujan
3748,DanHands
3749,Diego Hands
3750,SnorkelWhisp
3751,KLFrances
3752,LibbysHand
3753,DK HastyTasty
3754,OhDeeSee
3755,Jaap
3756,DJB Me and My Shadow
3757,Darbog italic
3758,Einhorn Schrift - TTF
3759,Discobaby
3760,ClippersBaby
3761,DPCamille
3762,Candice Personal Use
3763,Asswipe
3764,Dessushi
3765,all hail julia
3766,DJB BAILEY
3767,lazing_on_a_sunny_afternoon
3768,Lee Hodges
3769,Summerfall
3770,Eclectic
3771,Xtreem_2_PersonalUse
3772,Prester John
3773,beela
3774,Another Birdhouse
3775,PonellasFont
3776,Defenseless
3777,Swan
3778,Kiddo Handwriting
3779,Handwritten
3780,SkidooMedium_RH
3781,Aida Garmo - Scrap Rounded
3782,kkontagion print - Normal
3783,LovedbytheKing
3784,Briasco Rustic
3785,JustWaitAndSee
3786,Sister R
3787,fbsbltc
3788,Blondie
3789,December Reaper
3790,Sweetland
3791,BasicHandwritingDefault
3792,lucie mandragore
3793,Stilo
3794,GuiltTrip
3795,Skinny Marker
3796,Cassidy Loves You
3797,SupernaturalThing
3798,SurfBoard
3799,Lalithabai
3800,Dan_Hand
3801,Papa Grape
3802,KidsFirstPrintFont
3803,Love & Trust (Hearted)
3804,JambaJuicy
3805,Affectionately Yours - TTF
3806,Shabby Ball Point
3807,MaxsDreamland
3808,NOxWAY
3809,Savage
3810,my font isnt funky enough
3811,kunal
3812,Signerella
3813,DaveUlmFont
3814,Coffee At Midnight Demo
3815,Shmess-Bold
3816,Rambo Killer
3817,Becs_Hand
3818,Josef Xuereb s Friends - Bold Italic
3819,DasBougie
3820,September Mornings
3821,Cleavin
3822,KGKeepYourHeadUp
3823,Strawobbly
3824,jkasperville
3825,GAELLEnumber8
3826,A Glitch In Time
3827,Kaleidescope
3828,ginolib_
3829,Hingar Bingar
3830,Ninoshandwriting
3831,Willems_Font
3832,Dream Only
3833,Texas Woman Demo
3834,Gregs hand
3835,HM_Fombre
3836,adam handwriting test
3837,RoughNotesSample
3838,SleepyBaboos
3839,NancyYOFF
3840,Lipsum
3841,Sexy Queen
3842,RebeccasHandwriting
3843,Freehand Written
3844,Empyrean
3845,Chocolatines
3846,Apalu
3847,Lindberg_hand_and_symbols
3848,WyllamDemo
3849,Love Is Complicated Again Bold - TTF
3850,Bardeng
3851,Raila Skies
3852,Stretchy PANTS
3853,FranciscoDemo
3854,AllensWonderland
3855,Extra Fruity
3856,handlebars
3857,Jellaine Demo
3858,GustOfWind
3859,Behind Green Eyes - TTF
3860,Crunchy_PERSONAL_USE_ONLY
3861,mydai1
3862,KGBeneathYourBeautifulChunk
3863,CutiesCaps Free
3864,Eighteen
3865,Soljik-Dambaek
3866,Cute_Font
3867,Lara Prints
3868,SamDam
3869,AnythingIsPossible
3870,RetroElectro
3871,Laurel
3872,JuicyWatermelons
3873,da silvano
3874,TopHeavy
3875,Art_Class
3876,deartheov2
3877,Signerica_Thin
3878,A2_Script
3879,the TOADFROG
3880,TARImTired
3881,Distinctly Dan
3882,October Moon - TTF
3883,OLIVE CHARMING
3884,iwfxv02
3885,MTF Jotted
3886,Yoo Hae Mool
3887,CharleeDoodles
3888,JustBreathe
3889,Whatever
3890,Stefian Script 2
3891,Mix Doodle
3892,For Sara
3893,ParisViews
3894,Circular Quay
3895,DJB CLyleRun
3896,JTsVeryAmazingFont
3897,GelPenLight
3898,MH_Font
3899,Girls Have Many Secrets - TTF
3900,Back To School
3901,Hand Power
3902,Borders Divide But Hearts Shall Conquer - TTF
3903,sharkhandwriteabc
3904,Harrison
3905,PrinsesstartaBoldItalicDEMO
3906,Spring In My Step
3907,DK Crayon Crumble
3908,BandsMakeHerDance
3909,Shine With Me
3910,Swingers
3911,Georgina
3912,Please write me a song
3913,DJB Tweenybopper
3914,Unicorn Sparkles - TTF
3915,uneven
3916,lucy_goosey_black_loose
3917,azmoonfleet
3918,March into Spring - TTF
3919,gorillaz_1
3920,cuddlebugs
3921,Better get ready
3922,Indie_SummerBoldUnfilled
3923,Impalinger
3924,Handwerk
3925,SquaredOff
3926,Kazincbarcika - TTF
3927,JCAguirreP - Libre
3928,AniHappyDays
3929,MLmonstrolino
3930,MTF JanaG
3931,striiikerr
3932,Jalisco Demo
3933,BetterThanPixel
3934,Diamond Girl
3935,MitchHand
3936,Even More Mixed Up - TTF
3937,Zeuty Demo
3938,Jodie Badiston Script Demo
3939,LUCY-LU
3940,Linoleo Script
3941,Lavalamp
3942,Outerlord Demo
3943,Before the sun rises
3944,Goobascript
3945,Déjà-vu dive
3946,CaseAddiction
3947,Sodera Personal Use - Copy
3948,Siesta
3949,Clensey
3950,Rahayu
3951,MyfirstHandwriting
3952,TheOnlyException
3953,Angelique-Rose-font-FFP
3954,Aeland
3955,Matthiola
3956,Bailey Bowers
3957,Geschrift
3958,Kinglet Playful
3959,ForgetfulFriday
3960,Reckless Art
3961,PHRocha_Scrypt
3962,RightPlace
3963,Jenthill DEMO
3964,Bruzh
3965,ZacharyBinx
3966,iglook
3967,kgpdxbridgetown
3968,kktdmag
3969,GraphMaster
3970,GoldenSkies
3971,WILLY 2
3972,Scruffy
3973,Small Town Skyline
3974,prelude
3975,Einstein Grand
3976,JumboRings
3977,Doctor Russel
3978,Slopes
3979,KH-Blackline-Script-Medium
3980,EntertainmentWeekly
3981,Indesign Signature - PERSONAL USE
3982,zama Bold
3983,LESLIE
3984,seminggu_di_kota_cianjur
3985,Bright beauty normal
3986,something blue light
3987,cheyenne
3988,AbsoluteMoney
3989,Black Butter
3990,Karebear
3991,EmileeCaps
3992,Comic Type Bold
3993,Bilius
3994,Another_
3995,Stretchy rubber
3996,Epl
3997,Swirltastic
3998,Change Tomorrow Today
3999,Romantic Couple
4000,quickrite
4001,Tallula
4002,KBQuipstersFool
4003,DirtyLiberties
4004,Jaime Blues
4005,Proper Princess
4006,SkipLegDay
4007,Prophecy_Script
4008,Sunshine Lollipop Free Personal Use
4009,CUBWORLD
4010,DiamondAwareness
4011,Bethhrg_
4012,Odum Odum
4013,My Epic Selfie Demo
4014,Geo
4015,Gonza!
4016,Royana-Regular
4017,ConfettiFalling
4018,Hell is round the corner
4019,OhMaria Shadow
4020,Minnie Mousse
4021,DazeBuna
4022,my dad drives me crazy
4023,Black Hawk
4024,BlessingsthroughRaindrops
4025,MariasHandwriting
4026,Blista Rade
4027,DJB CRIS script
4028,Surrendered Heart
4029,nee
4030,FoxedInn-Regular
4031,JustMai
4032,HM_keokuk
4033,Drawing with markers
4034,CLOCK
4035,FirstAvenue
4036,MEllybO0fONt
4037,SaladeDeFruitsCerise
4038,lilguy
4039,FruitSale
4040,Vtks-Colored Soul-3
4041,Galaxy Boy - TTF
4042,MySchoolHandwriting
4043,LikeLegit
4044,Perhaps Love
4045,BySamantha_Print
4046,monstermonster
4047,IcePrincess
4048,PeaMeaghanMessy
4049,Mi_nombre_es_Problema
4050,Spring Cleaning
4051,Sybelia Demo
4052,kokekoko_light
4053,AdrianFontV4
4054,Casey-Regular
4055,Generic_Teenager
4056,CoralSea
4057,CLRPollyPlummer
4058,Kid_Font_
4059,Denise__s_Manuscript
4060,nihat
4061,Single Stroke Inks
4062,Everlast Personal Use
4063,Spill _ Beans
4064,Thin Pencil Handwriting
4065,Sloutthy
4066,Skinnycookies
4067,KaoriGelBold
4068,PWKool
4069,SummerCrushes
4070,Virginie
4071,Repivmanusc Bold
4072,CatsHandwriting
4073,CleanHand
4074,Black Beauty
4075,de Manu 2
4076,Raspberry Moonshine Demo
4077,CrystalBluePersuasion
4078,zai_NicolasSloppyPen
4079,Guayaquil1800
4080,blackjacketboys-BoldItalic
4081,SetFireToTheRain
4082,SwordoftheGiant
4083,SF Grunge Sans SC Italic
4084,StarsFromOurEyes
4085,HelloEngineer
4086,GreatSpringtime
4087,Wagnasty
4088,K26PrimrosePeach
4089,Juni 2009
4090,LandslideSample
4091,SugarstyleMillenial-Regular
4092,ChicFontastic
4093,Deep
4094,Written Lies
4095,LuisAugusto
4096,FloweringBuds
4097,Gallactica (Demo)
4098,Skinny Black
4099,probably yes
4100,Billys_Hand_Thin
4101,BARBARJA-1
4102,Joshe
4103,Skinny-Regular
4104,The Hand of Tes
4105,OCTOBER
4106,Delffo
4107,AFE_Jen_Bold
4108,Sloppy_Hand
4109,Boldenstein THIN
4110,Spirit Ritual
4111,Wonderful
4112,WOAHThatsBold
4113,hajduczek
4114,BlackberryBlues
4115,Behind Blue Eyes - TTF
4116,PWNarrow
4117,MileyTwerk
4118,KGAThousandYears
4119,Ships In The Night
4120,Mistress
4121,Budhrg__
4122,chasing the ice cream truck
4123,Think Thick
4124,Otterly Adorable - TTF
4125,Jomblo Ngenes Bold
4126,gaps-s-r
4127,TightScript
4128,UltraMoire
4129,Kids Future
4130,Awesome Birds
4131,Middletown One_Regular TTF Dafont
4132,BlackTinBox
4133,KGPiecebyPiece
4134,DJB Snarky Bess Straight
4135,zombieCat
4136,vanessalovesyou
4137,Datten Dafont
4138,KGFallForYouItalics
4139,YBTallPretty
4140,Patient Paige
4141,MelHandwriting2-Regular
4142,2-4ef58
4143,My First Crush
4144,Wilgaty Pen DEMO
4145,Doctor
4146,Canidae Hand
4147,HAMILLTON demo
4148,WatermelonSundae
4149,Apple is my favorite
4150,Capella_Star
4151,Let That Be Enough - TTF
4152,Easy going stroke
4153,Mockup
4154,Graphe_Alpha
4155,AndyFont
4156,MintGreenlaces
4157,Colors Of Autumn
4158,TalkingToTheMoon
4159,debhandwriting
4160,Hamline demo
4161,DJB Baby Bump Bold
4162,buttons3d
4163,Handwriter
4164,handwrited
4165,Boldenstein SOLID
4166,SimpleFolks
4167,DJB Heart Attack 2
4168,LongNightDemo-Regular
4169,LittleMermaid
4170,VeggieMars
4171,Redstar
4172,Genesis Handwriting
4173,Chandrawinata-italic
4174,PatricesHandwriting
4175,GelPenHeavy
4176,BreakFromToronto
4177,PrettyInPinks
4178,DJB Sand Shoes and a Fez Bold
4179,Sandat
4180,lucemita-font-FFP
4181,Summer in December - TTF
4182,PaperGirl
4183,Alexis Marie
4184,Jellofont
4185,Bradford
4186,Dizzy Does It
4187,Coco_Hand
4188,Expressive Inks
4189,MTF Colleen Print
4190,Zeebz
4191,MQSMagic
4192,Dennis_Regular
4193,ManufacturedConsent
4194,Duane
4195,MeghansFont
4196,Valledofas just personal only
4197,Deartheo
4198,mayqueen
4199,AaronHand
4200,Oh_Snap
4201,Patto-Regular
4202,Internet Friends
4203,Queen1
4204,DHF A Great Happiness Demo
4205,HighBoat
4206,Handsdown
4207,Magic Kiss
4208,Morning Coffee
4209,obssessed_TBS
4210,Mango Slice
4211,Scoder Refined
4212,KUCHAR_FINAL
4213,dryoshiabibi
4214,HandsOn-Regular
4215,al-seana
4216,JuicyCultureDT
4217,Hypebeast
4218,Hillary
4219,ExtraZero
4220,Fingeferanna
4221,MTF Saxy
4222,GaelleingFont
4223,Travel Light Personal Use
4224,Better Signature Font
4225,DJB Sarah prints
4226,SunshineFolk-Regular
4227,honeyquick
4228,F_ck Beans Italic
4229,one man wolf pack
4230,Sweetbubble
4231,Darbog outline
4232,Kindergarten
4233,SkitserFineliner
4234,nadine
4235,Cheryl Hand
4236,AnAlphaBetIsm-Medium
4237,GiveMeAHand-Regular
4238,Pink Lemonade
4239,AS Melanie Handwritting
4240,Austie Bost All My Love
4241,paradise
4242,Quenelles
4243,Keishue - PERSONAL USE
4244,Marker SD
4245,Asfrogas
4246,UglyKids-Italic
4247,Primrose
4248,Losing Grip - TTF
4249,Kara Kaboodle
4250,Sugarpie
4251,Humienly Demo
4252,Mega Team
4253,ContraryMary
4254,ugly handwriting
4255,Glass_Hand
4256,SUNDROP
4257,kitTypeThin
4258,CrappyPeanuts
4259,MurakamiRilapika
4260,zama Normal
4261,BREAK THE CHAIN
4262,cursi extra tfb bold
4263,Derbie & Cuttie Demo
4264,MarkerScript
4265,Dillova
4266,de Manu 2 Bold
4267,Tims Grocery Store
4268,ArminsFrozenPeas
4269,Michel Flow Dafont
4270,shininglikestars
4271,Gustisans Regular
4272,MTF Hello Again
4273,Yellow Butterflies - TTF
4274,Chips & Salsa
4275,Weaselbee beans
4276,SmittenOverU
4277,Schmitacular
4278,ChinalMedium_PERSONAL_USE
4279,WickedPissah
4280,Ecolier
4281,LittleMissPriss
4282,Easy Going
4283,Jehzlau Concepts
4284,SF Scribbled Sans
4285,Lunes
4286,I Love Glitter - TTF
4287,Skinny Things Italic
4288,Ann Marker
4289,HelloRamona
4290,cheyennebi
4291,Natalia Rosaline Demo
4292,thebestofmylovelight
4293,Lewishand
4294,Krumkake
4295,vtks show
4296,KBTheLittleFella
4297,Manustype
4298,greymagus
4299,Blueberry Italic
4300,ApollosMum
4301,Marmalade Toast
4302,NymphsHandwriting
4303,bitchcakes
4304,gobaaahandwrittencomic-regular-webfont
4305,I Heart You Always - TTF
4306,htquickie
4307,Dinosaur
4308,EvilSporkGirl
4309,don butique
4310,Blueberry Oatmeal Light
4311,Mister Beek
4312,DesiWonderland
4313,Fuzzy_Font
4314,KGYouWontBringMeDown
4315,DJB Rubia Tuesday
4316,Charleesinluvv
4317,Notera2Light_PERSONAL
4318,White Star
4319,Bartley
4320,joksovi_papci
4321,Anger Management
4322,SmoochesOfYou
4323,Congratulations_DEMO
4324,Brecelets-Demo
4325,Mindmonkey
4326,Bijak
4327,jorgieporgiepuddinpie
4328,MTF Cindy
4329,Hakyt Demo
4330,ComeAround
4331,ageng sans
4332,Multilingual Hand
4333,Tristan
4334,NewDay
4335,Salmon Script - FREE PERSONAL USE
4336,REPROB__
4337,Kordulova
4338,WildFlowerBold
4339,Star King Personal Use
4340,bellakhopeless
4341,Scriptia Happy
4342,Mossy
4343,Million Notes Demo
4344,BeautifulThangsAB
4345,DansHandWriting
4346,annie Max
4347,AsiagoBagels
4348,StarmiX Free
4349,King Cool KC
4350,RipeDusk
4351,YouAmazeMe
4352,AManoBoldensada
4353,LavenderSweetOrange
4354,Sajid
4355,IsukaLetters
4356,Hopeless Place
4357,Blesson
4358,PW2015
4359,SF Grunge Sans Bold
4360,SuperRaw-Regular
4361,PENNARELO
4362,DicksHandwriting
4363,TickleShits
4364,SIX_SIXTEEN_SIXTEEN
4365,Rither
4366,StrawberryPinkChild
4367,AllThatMatters
4368,Mechanic_Pencil
4369,Carl John
4370,ChloOuiOui
4371,FunkyJunk
4372,NellaSueDEMO
4373,Puzzled_2
4374,ItsNotMonday
4375,JimbosPrint-Bold-Italic
4376,Xiao Gao
4377,youfoundme
4378,HollySharpie
4379,JCM
4380,Chickpeas demo
4381,Wild Ones Personal Use
4382,AnkeSans
4383,htShortie
4384,hanobot
4385,Handeer
4386,Margaretha
4387,Jotdownsomenotes
4388,lolo2
4389,HelloAli
4390,DreamingPandas
4391,jd_rossella
4392,Skinny Things
4393,Linny
4394,LyeMueLookKreung
4395,IzziHand
4396,Generally Speaking Alternate Endcaps
4397,SilkyWritten
4398,OSinistromanoBLK
4399,Gaelleingsletter
